sentence,page,section_path,claim_type,strength,quantity,baseline,deadline,scope,slot_fill_score,source_file,negated,conditional
"We contracted 1,443,981 metric tons of carbon removal in FY22.",2,Global sustainability,other,,"1,443,981 metric tons",,,,0.5,data/raw/microsoft/2022_sustainability_report.pdf,False,False
"12,159 We diverted 12,159 metric tons of solid waste from landfills and incinerators across our direct operational footprint in FY22.",2,Global sustainability,other,,"12,159 metric tons",,,,0.5,data/raw/microsoft/2022_sustainability_report.pdf,False,False
"As we reflect on the seriousness of the climate crisis, we have expanded our ambition to meet this urgent climate need by investing in a broad range of initiatives, technologies and approaches that support a net zero future.",4,"Enabling sustainability for our company, our customers, and the world",target,hedged,,,,,0.0,data/raw/microsoft/2022_sustainability_report.pdf,False,False
"In 2020, we made a bold set of commitments: to be a carbon negative, water positive, zero waste company that protects ecosystems—all by 2030.",4,"Enabling sustainability for our company, our customers, and the world > Melanie Nakagawa, Chief Sustainability Officer Brad Smith, Vice Chair and President",target,,"2020,",,2030,,0.5,data/raw/microsoft/2022_sustainability_report.pdf,False,False
"In 2022, our business grew by 18 percent and our overall emissions declined by 0.5 percent.",4,"Enabling sustainability for our company, our customers, and the world > Getting our own house in order",other,,18 percent,,,,0.5,data/raw/microsoft/2022_sustainability_report.pdf,False,False
This in part is a result of a reduction in our direct operational (Scope 1 and 2) emissions by 22.7 percent.,4,"Enabling sustainability for our company, our customers, and the world > Getting our own house in order",other,,22.7 percent,,,Scope 1,1.0,data/raw/microsoft/2022_sustainability_report.pdf,False,False
"At Microsoft, Scope 1 and 2 emissions account for less than four percent of total emissions, while indirect emissions, or Scope 3, account for more than 96 percent.",4,"Enabling sustainability for our company, our customers, and the world > Getting our own house in order",other,,96 percent,,,Scope 1; Scope 3,1.0,data/raw/microsoft/2022_sustainability_report.pdf,False,False
"Our Scope 3 reported emissions increased slightly in 2022, by 0.5 percent, despite a 25 percent increase in purchased goods and services due to business growth.",4,"Enabling sustainability for our company, our customers, and the world > Getting our own house in order",other,,0.5 percent,,,Scope 3,1.0,data/raw/microsoft/2022_sustainability_report.pdf,False,False
"The more positive outcomes in 2022 are the result of improvements in our operations, real-time device telemetry-based measurement, renewable energy investments, sustainable aviation fuel (SAF) purchases, and procurement of unbundled renewable energy certificates (RECs).",4,"Enabling sustainability for our company, our customers, and the world > Getting our own house in order",attribute,,,,,own operations,0.5,data/raw/microsoft/2022_sustainability_report.pdf,False,False
"When we made our carbon negative commitment in 2020 it wasn’t just a challenge to support the sustainability of our business, it was also an invitation to the world to participate in this journey, translating ingenuity into action, and action into impact.",5,"Enabling sustainability for our company, our customers, and the world > Getting our own house in order",attribute,firm,,,,,0.0,data/raw/microsoft/2022_sustainability_report.pdf,False,False
"We contracted for replenishment projects that are estimated to provide more than 15.6 million m cubed in volumetric water benefits, increasing our running total of replenishment projects to 35 million m cubed .",5,"Enabling sustainability for our company, our customers, and the world > Water positive",other,,15.6 million,,,,0.5,data/raw/microsoft/2022_sustainability_report.pdf,False,False
We increased our reuse and recycle rates of all cloud hardware to 82 percent and continue to pace toward our 2030 reuse and recycle goal of 90 percent.,5,"Enabling sustainability for our company, our customers, and the world > Zero waste",other,,82 percent,,,,0.5,data/raw/microsoft/2022_sustainability_report.pdf,False,False
We also reduced single-use plastics across all Microsoft product packaging to 3.3 percent and are on track to eliminate their use by 2025.,5,"Enabling sustainability for our company, our customers, and the world > Zero waste",target,achievement,3.3 percent,,2025,,0.5,data/raw/microsoft/2022_sustainability_report.pdf,False,False
"In total, we have diverted 12,159 metric tons of solid waste from landfills.",5,"Enabling sustainability for our company, our customers, and the world > Zero waste",other,,"12,159 metric tons",,,,0.5,data/raw/microsoft/2022_sustainability_report.pdf,False,False
"While Microsoft’s emissions footprint is a tiny percentage of global emissions, we also have a role to play in helping reduce or remove the other 99.97 percent of global emissions.",5,"Enabling sustainability for our company, our customers, and the world > Amplifying our impact and helping our customers achieve more",other,,99.97 percent,,,,0.5,data/raw/microsoft/2022_sustainability_report.pdf,False,False
"For example, the nations of Africa together account for less than 5 percent of global emissions but have experienced far more than their share of the negative impacts of climate change.",5,"Enabling sustainability for our company, our customers, and the world > Enabling and supporting a more sustainable world",other,,5 percent,,,,0.5,data/raw/microsoft/2022_sustainability_report.pdf,False,False
"We support public policy initiatives to accelerate carbon reporting, reduction and removal, the transition to clean energy, water access and stress reduction, and the ability to measure, manage, and protect ecosystems.",5,"Enabling sustainability for our company, our customers, and the world > Enabling and supporting a more sustainable world",attribute,hedged,,,,,0.0,data/raw/microsoft/2022_sustainability_report.pdf,False,False
"Carbon measurement and the Carbon Call In February 2022, Microsoft, ClimateWorks Foundation, and over 20 leading organizations launched an important new initiative called the Carbon Call.",5,"Enabling sustainability for our company, our customers, and the world > Enabling and supporting a more sustainable world",achievement,achievement,"2022,",,,,0.33,data/raw/microsoft/2022_sustainability_report.pdf,False,False
Microsoft is investing in accelerating climate innovation through our $1 billion Climate Innovation Fund (CIF).,6,"Enabling sustainability for our company, our customers, and the world > Enabling and supporting a more sustainable world",other,,1 billion,,,,0.5,data/raw/microsoft/2022_sustainability_report.pdf,False,False
"We invest in innovative technologies and business models that have the potential for meaningful, measurable climate impact by 2030.",6,"Enabling sustainability for our company, our customers, and the world > Enabling and supporting a more sustainable world",target,,,,2030,,0.25,data/raw/microsoft/2022_sustainability_report.pdf,False,False
"Since the founding of the CIF in 2020, Microsoft has allocated more than $600 million into a global portfolio of more than 50 investments, including sustainable solutions in energy, industrial, and natural systems.",6,"Enabling sustainability for our company, our customers, and the world > Enabling and supporting a more sustainable world",other,,600 million,,,,0.5,data/raw/microsoft/2022_sustainability_report.pdf,False,False
"Since its inception, Microsoft has allocated over $600 million impact investment capital from our Climate Innovation Fund into a global portfolio of investments, featuring sustainable solutions in energy, industrial, and natural systems.",7,A decade of innovation and decisive action > >$600M in climate innovation,other,,600 million,,,,0.5,data/raw/microsoft/2022_sustainability_report.pdf,False,False
"We contracted 1,443,981 metric tons of carbon removal in FY22.",7,Carbon 1.4Mmetric tons,other,,"1,443,981 metric tons",,,,0.5,data/raw/microsoft/2022_sustainability_report.pdf,False,False
"In FY22, we contracted for replenishment projects that are estimated to provide more than 15.6 million m cubed in volumetric water benefit over the lifetime of these projects.",7,Water 15.6M m cubed 15.6M m cubed,other,,15.6 million,,,,0.5,data/raw/microsoft/2022_sustainability_report.pdf,False,False
"In FY22, we diverted 12,159 metric tons of solid waste from landfills and incinerators across our direct operational footprint.",7,"Waste 12,159metric tons",other,,"12,159 metric tons",,,,0.5,data/raw/microsoft/2022_sustainability_report.pdf,False,False
"In FY22, we signed new PPAs around the globe, bringing our total portfolio of carbon-free energy to over 13.5 GW, including projects in 16 countries and more than 135 clean energy projects.",7,"Ecosystems 12,270acres",attribute,,13.5,,,,0.5,data/raw/microsoft/2022_sustainability_report.pdf,False,False
"By the end of FY22, we provided more than 550,000 people with access to clean water and sanitation solutions in Brazil, India, Indonesia, and Mexico and reached just under one million people by the end of the calendar year 2022.",7,"Ecosystems 12,270acres",achievement,achievement,"550,000",,,,0.33,data/raw/microsoft/2022_sustainability_report.pdf,False,False
Our reuse and recycle rates of servers and components across all cloud hardware reached 82 percent in FY22.,7,"Ecosystems 12,270acres",achievement,achievement,82 percent,,,,0.33,data/raw/microsoft/2022_sustainability_report.pdf,False,False
"We reduced single-use plastics in our Microsoft product packaging by more than 29 percent, a decrease from 4.7 percent to 3.3 percent by weight (on average) of plastic per package in FY22.",7,"Ecosystems 12,270acres > Environmental justice",achievement,achievement,29 percent,,,,0.33,data/raw/microsoft/2022_sustainability_report.pdf,False,False
"Last year, we contributed to the TNC Belize Maya Forest Project (BMF) to protect an additional 236,000 acres in a global biodiversity hotspot.",7,"Ecosystems 12,270acres > Environmental justice",other,,"236,000 acres",,,,0.5,data/raw/microsoft/2022_sustainability_report.pdf,False,False
"In 2019, Microsoft took a step back to look at the science behind climate change and saw that our commitment to being carbon neutral was not enough.",8,How we work > Set commitments based on science,attribute,firm,"2019,",,,,0.5,data/raw/microsoft/2022_sustainability_report.pdf,True,False
"The world needs to reach net zero by or before 2050, and achieving it relies heavily on private sector partnership and action.",8,How we work > Set commitments based on science,target,,"2050,",,2050,,0.5,data/raw/microsoft/2022_sustainability_report.pdf,False,False
"This guided us to make our commitments to be a carbon negative, water positive, zero waste company by 2030.",8,How we work > Set commitments based on science,target,,,,2030,,0.25,data/raw/microsoft/2022_sustainability_report.pdf,False,False
"As a global technology leader, we are also committed to helping build the enabling societal conditions that will support a net zero economy.",9,Global sustainability > Global sustainability Enabling a more sustainable world,attribute,firm,,,,,0.0,data/raw/microsoft/2022_sustainability_report.pdf,False,False
"In 2020, Microsoft made industry-leading commitments to be carbon negative, water positive, and zero waste by 2030, and to protect more land than we use by 2025.",10,Microsoft sustainability Taking care of our own environmental footprint,target,,"2020,",,2030,,0.5,data/raw/microsoft/2022_sustainability_report.pdf,False,False
"In January 2020, Microsoft committed to be carbon negative by 2030.",11,Our approach,target,firm,"2020,",2030,2030,,0.75,data/raw/microsoft/2022_sustainability_report.pdf,False,False
"Operationally, we see this commitment as a journey that starts with reducing carbon emissions as much as possible, replacing our electricity consumption with carbon-free energy, and removing the emissions that remain.",11,Our approach,attribute,firm,,,,,0.0,data/raw/microsoft/2022_sustainability_report.pdf,False,False
"In FY22, our business grew by 18 percent and our overall emissions were down 0.5 percent.",11,Our approach,other,,18 percent,,,,0.5,data/raw/microsoft/2022_sustainability_report.pdf,False,False
Our total company emissions were just under 13 million metric tons of carbon dioxide equivalents (mtCO subscript 2 e) (marketbased and management-defined criteria for Scope 3 Category 11).,11,Our approach,other,,13 million,,,Scope 3,1.0,data/raw/microsoft/2022_sustainability_report.pdf,False,False
"We saw a 0.5 percent increase in our Scope 3 emissions this year based on investments in real-time device telemetry-based measurement, improvements in our operations and supply chain, and purchases of renewable energy.",11,Our approach,other,,0.5 percent,,,Scope 3; own operations; supply chain,1.0,data/raw/microsoft/2022_sustainability_report.pdf,False,False
"As the world transitions to a lower-carbon, clean energy economy, we’re using our purchasing and investing power to help advance innovation and the development of new solutions—helping us meet our own commitments while catalyzing the creation of broader market supply for others.",11,Our approach,attribute,,,,,,0.0,data/raw/microsoft/2022_sustainability_report.pdf,False,False
"We fund purchases of renewable energy, sustainable aviation fuel, and carbon removal through our internal carbon fee, which we established in 2012.",11,Our approach,attribute,,,,,,0.0,data/raw/microsoft/2022_sustainability_report.pdf,False,False
"Our year-over-year figures show a 23 percent reduction in Scope 1 and 2 market-based emissions, which is driven in part by our procurement of RECs for FY22.",11,Our approach,other,,23 percent,,,Scope 1,1.0,data/raw/microsoft/2022_sustainability_report.pdf,False,False
"In FY22, we signed new power purchase agreements around the globe, bringing our total portfolio of carbon-free energy to over 13.5 GW.",11,Our approach,attribute,,13.5,,,,0.5,data/raw/microsoft/2022_sustainability_report.pdf,False,False
We are committed to being carbon negative by 2030 and by 2050 remove from the atmosphere an equivalent amount of all the carbon dioxide our company has emitted either directly or by our electricity consumption since we were founded in 1975.,12,Carbon negative by 2030,target,firm,,2030,2030,,0.5,data/raw/microsoft/2022_sustainability_report.pdf,False,False
"We will reduce our Scope 1 and 2 emissions to near zero by increasing energy efficiency, decarbonization, and reaching 100 percent renewable energy by 2025.",12,Carbon negative by 2030 > Reducing direct emissions,target,firm,100 percent,,2025,Scope 1,0.75,data/raw/microsoft/2022_sustainability_report.pdf,False,False
"By 2030, we will reduce our Scope 3 emissions by more than half from a 2020 baseline.",12,Carbon negative by 2030 > Reducing value chain emissions,target,firm,"2030,",2020,2030,Scope 3,1.0,data/raw/microsoft/2022_sustainability_report.pdf,False,False
"By 2030, 100 percent of our electricity consumption will be matched by zero carbon energy purchases 100 percent of the time.",12,Carbon negative by 2030 > Replacing with 100/100/0 carbon-free energy,target,firm,100 percent,,2030,,0.5,data/raw/microsoft/2022_sustainability_report.pdf,False,False
"By 2030, Microsoft will remove more carbon than it emits.",12,Carbon negative by 2030 > Removing the rest of our emissions,target,firm,"2030,",,2030,,0.5,data/raw/microsoft/2022_sustainability_report.pdf,False,False
"By 2050, we will remove an amount of carbon equivalent to all our historical emissions.",12,Carbon negative by 2030 > Removing the rest of our emissions,target,firm,"2050,",,2050,,0.5,data/raw/microsoft/2022_sustainability_report.pdf,False,False
"Net zero Scope 1 and 2 emissions Our Scope 1 and 21 emissions remained proportional with business growth in FY22.2 More than 95 percent of our Scope 2 emissions were reduced by renewable energy from power purchase agreements (PPAs), green tariff programs, and unbundled renewable energy certificates.",12,Carbon negative by 2030 > Our progress,achievement,achievement,95 percent,,,Scope 1; Scope 2,0.67,data/raw/microsoft/2022_sustainability_report.pdf,False,False
"Our value chain or Scope 3 emissions increased slightly at 0.5 percent, despite a 25 percent increase in purchased goods and services due to business growth.",12,Carbon negative by 2030 > Scope 3 emissions increased by 0.5 percent,other,,0.5 percent,,,Scope 3; value chain,1.0,data/raw/microsoft/2022_sustainability_report.pdf,False,False
"13.5 GW of carbon-free energy In FY22, we signed new Power Purchase Agreements (PPAs) around the globe, bringing our total portfolio of carbon-free energy to over 13.5 GW, including more than 135 projects in 16 countries.",12,Carbon negative by 2030 > Scope 3 emissions increased by 0.5 percent,attribute,,13.5,,,,0.5,data/raw/microsoft/2022_sustainability_report.pdf,False,False
"We contracted 1,443,981 metric tons of carbon removal in FY22.",12,Carbon negative by 2030 > Over 1.4M metric tons of carbon removal,other,,"1,443,981 metric tons",,,,0.5,data/raw/microsoft/2022_sustainability_report.pdf,False,False
"In FY22, we procured 1.44 million metric tons and retired 514,156 metric tons of carbon removal as part of our effort toward achieving our annual carbon commitment to be carbon neutral.",13,Carbon negative by 2030 > Carbon Table 1 Tracking our yearly progress toward carbon negative by 2030,attribute,firm,1.44 million,,,,0.5,data/raw/microsoft/2022_sustainability_report.pdf,False,False
Carbon negative by 2030: A company is carbon negative when it removes more carbon than it emits each year.,13,Carbon negative by 2030 > Learn more in the Environmental Data Fact Sheet,target,,,2030,2030,,0.5,data/raw/microsoft/2022_sustainability_report.pdf,False,False
Microsoft’s overall emissions decreased by 0.5 percent in FY22.,13,Carbon negative by 2030 > Learn more in the Environmental Data Fact Sheet,other,,0.5 percent,,,,0.5,data/raw/microsoft/2022_sustainability_report.pdf,False,False
"This was driven by improvements in our operations, telemetry-based measurement, renewable energy investments, sustainable aviation fuel purchases, and procurement of unbundled renewable energy certificates (RECs).",13,Carbon negative by 2030 > Learn more in the Environmental Data Fact Sheet,attribute,,,,,own operations,0.5,data/raw/microsoft/2022_sustainability_report.pdf,False,False
"Microsoft’s Scope 3 emissions account for more than 96 percent of our total emissions, with the vast majority of these emissions coming from two categories upstream, Purchased Goods and Services (Category 1) and Capital Goods (Category 2), and one downstream, Use of Sold Products (Category 11).",14,Carbon negative by 2030 > Carbon Table 3 Breaking down our FY22 Scope 3 emissions by source,other,,96 percent,,,Scope 3; upstream; downstream,1.0,data/raw/microsoft/2022_sustainability_report.pdf,False,False
Scope 3 represents 96 percent of Microsoft’s annual emissions in FY22.,14,Carbon negative by 2030 > Tackling Scope 3,other,,96 percent,,,Scope 3,1.0,data/raw/microsoft/2022_sustainability_report.pdf,False,False
"Reducing Scope 3 emissions requires unprecedented scaling of corporate clean energy purchases across Microsoft’s value chain, to address both the electricity consumed by our products, like Xbox devices or Surface laptops, and used to manufacture everything from semiconductors to fiber optic cables.",14,Carbon negative by 2030 > Tackling Scope 3,attribute,,,,,Scope 3; value chain,0.5,data/raw/microsoft/2022_sustainability_report.pdf,False,False
Wind farms generate more than 35 percent of Ireland’s electricity.,15,Ensuring energy efficiency > Promoting grid stability via energy storage solutions,other,,35 percent,,,,0.5,data/raw/microsoft/2022_sustainability_report.pdf,False,False
"More than 220 miles of piping will distribute 320,000 gallons of water as a heat-exchange medium across the wells and the new campus in a closed loop system.",15,Ensuring energy efficiency > Innovating with thermal energy in our campuses,other,firm,"320,000 gallons",,,,0.5,data/raw/microsoft/2022_sustainability_report.pdf,False,False
The system is expected to reduce energy consumption by more than 50 percent of a typical utility plant.,15,Ensuring energy efficiency > Innovating with thermal energy in our campuses,other,,50 percent,,,,0.5,data/raw/microsoft/2022_sustainability_report.pdf,False,False
"The decreasing cost of renewable sources, advancement of green hydrogen production technology, and increasing legislative focus are starting to show potential to reduce the datacenter industry’s reliance on fossil-based diesel fuels.",16,Ensuring energy efficiency > Developing hydrogen fuel cells for datacenters,attribute,,,,,,0.0,data/raw/microsoft/2022_sustainability_report.pdf,False,False
"Microsoft is demonstrating the application of green hydrogen at industrial scales— with a first of its kind, zero emission, 3 MW hydrogen polymer electrolyte membrane (PEM) fuel cell backup power generator piloted in July 2022.",16,Ensuring energy efficiency > Developing hydrogen fuel cells for datacenters,attribute,,3,,,,0.5,data/raw/microsoft/2022_sustainability_report.pdf,False,False
"The One Esterra food hall includes 12,200 square feet of all-electric cooking space, which supports more than 1,000 meals a day and uses 100 percent renewable hydro power.",16,Ensuring energy efficiency > Developing hydrogen fuel cells for datacenters,other,,100 percent,,,,0.5,data/raw/microsoft/2022_sustainability_report.pdf,False,False
We use 100 percent carbon-free energy in our first all-electric kitchen on the Redmond campus.,16,Ensuring energy efficiency > Developing hydrogen fuel cells for datacenters,attribute,,100 percent,,,,0.5,data/raw/microsoft/2022_sustainability_report.pdf,False,False
"We are reducing fossil fuels with our first all-electric kitchen, which uses 100 percent renewable power.",16,Ensuring energy efficiency > Developing hydrogen fuel cells for datacenters,other,firm,100 percent,,,,0.5,data/raw/microsoft/2022_sustainability_report.pdf,False,False
"The One Esterra food hall includes 12,200 square feet of all-electric cooking space, which supports more than 1,000 meals a day and uses 100 percent renewable hydro power.",16,Ensuring energy efficiency > Implementing all-electric kitchens,other,,100 percent,,,,0.5,data/raw/microsoft/2022_sustainability_report.pdf,False,False
"Microsoft’s Scope 3 emissions account for more than 96 percent of our total emissions, with the vast majority of these emissions coming from three categories: Purchased Goods and Services (Category 1), Capital Goods (Category 2), and Use of Sold Products (Category 11).",17,Reducing Scope 3 emissions,other,,96 percent,,,Scope 3,1.0,data/raw/microsoft/2022_sustainability_report.pdf,False,False
"Overall, our Scope 3 emissions increased by 0.5 percent in FY22 compared to FY21.",17,Reducing Scope 3 emissions,other,,0.5 percent,,,Scope 3,1.0,data/raw/microsoft/2022_sustainability_report.pdf,False,False
"Just as is the case for Scope 2 reduction efforts, we plan to phase out the use of unbundled RECs in future years as programs to reduce emissions take effect, including substantial forward investments into new clean energy facilities yet to commence operation.",17,Reducing Scope 3 emissions,attribute,hedged,,,,Scope 2,0.5,data/raw/microsoft/2022_sustainability_report.pdf,False,False
"In July 2022, we updated our Supplier Code of Conduct (SCoC) sustainability requirements to include independent third-party assurance of emissions data and to deliver a minimum 55 percent greenhouse gas (GHG) reduction by 2030.",17,Reducing Scope 3 emissions > Increasing data quality from our supply chain,target,,55 percent,2030,2030,,0.75,data/raw/microsoft/2022_sustainability_report.pdf,False,False
"This year, we piloted a new concrete mix using recycled glass pozzolans, reducing embodied carbon for the slab structure by around half.",18,Reducing emissions by consuming less > Reducing embodied carbon in buildings and interiors,attribute,,,,,,0.0,data/raw/microsoft/2022_sustainability_report.pdf,False,False
"Our Circular Center program will reuse or recycle 90 percent of datacenter decommissioned cloud computing hardware assets, contributing directly to emissions reductions.",18,Reducing emissions by consuming less > Reimagining circularity of cloud hardware,other,firm,90 percent,,,,0.5,data/raw/microsoft/2022_sustainability_report.pdf,False,False
"In FY22, our cloud hardware designers worked with material and component suppliers to design components that reduced dependency on virgin plastic, introducing up to 35 percent post-consumer recycled (PCR) plastic in select server components.",18,Reducing emissions by consuming less > Engineering carbon out of our cloud operations and hardware supply chain,achievement,achievement,35 percent,,,,0.33,data/raw/microsoft/2022_sustainability_report.pdf,False,False
90% Our Circular Center program will reuse or recycle 90 percent of datacenter decommissioned cloud computing hardware assets.,18,Reducing emissions by consuming less > Boosting efficiency of device usage,other,firm,90%,,,,0.5,data/raw/microsoft/2022_sustainability_report.pdf,False,False
"These reductions include 12 suppliers switching to renewable energy, with six converting to 100 percent renewable energy as members of RE100.",19,Reducing emissions by consuming less > Reducing emissions in our devices supply chain,other,,100 percent,,,,0.5,data/raw/microsoft/2022_sustainability_report.pdf,False,False
Microsoft is advancing efforts to increase the production of and accounting standards for sustainable aviation fuel (SAF).,19,Reducing emissions by consuming less > Advancing sustainable aviation,attribute,,,,,,0.0,data/raw/microsoft/2022_sustainability_report.pdf,False,False
Microsoft worked together with the Environmental Defense Fund to publish the High Integrity Sustainable Aviation Fuel Handbook.,19,Reducing emissions by consuming less > Advancing sustainable aviation,attribute,,,,,,0.0,data/raw/microsoft/2022_sustainability_report.pdf,False,False
"In parallel to energy reductions and efficiencies, our work supports the growth and adoption of more carbon-free energy.",20,Transitioning to carbon-free energy,attribute,,,,,,0.0,data/raw/microsoft/2022_sustainability_report.pdf,False,False
"Our long-term vision is to reach a state where, on all the world’s grids, 100 percent of electrons, 100 percent of the time, are generated from zero-carbon sources.",20,Transitioning to carbon-free energy,other,,100 percent,,,,0.5,data/raw/microsoft/2022_sustainability_report.pdf,False,False
"On the path to reaching this vision, our commitment is to cover 100 percent of Microsoft’s load with renewable energy purchases by 2025, and by 2030 to ensure that we meet our 100/100/0 commitment, meaning 100 percent of Microsoft’s electricity consumption, 100 percent of the time, will be matched by zero-carbon energy purchases.",20,Transitioning to carbon-free energy,target,firm,100 percent,,2025,,0.5,data/raw/microsoft/2022_sustainability_report.pdf,False,False
"In FY22, we continued to work with industry-leading partners such as Shell, Constellation, and ENGIE to procure new carbon-free energy resources to meet our goals.",20,Transitioning to carbon-free energy,attribute,,,,,,0.0,data/raw/microsoft/2022_sustainability_report.pdf,False,False
"To continue advancing the green energy economy in the United States and in recognition of the opportunity to proactively collaborate on driving a more reliable domestic solar module supply chain, Microsoft is collaborating with Hanwha to increase domestic green energy manufacturing through a first-of-its-kind initiative for major equipment and associated construction services.",20,Transitioning to carbon-free energy,attribute,,,,,supply chain,0.5,data/raw/microsoft/2022_sustainability_report.pdf,False,False
"By partnering with Hanwha, Microsoft seeks to facilitate quicker adoption of domestic green energy equipment supply through its pipeline of domestic power purchase agreements (PPAs).",20,Transitioning to carbon-free energy,attribute,,,,,,0.0,data/raw/microsoft/2022_sustainability_report.pdf,False,False
"In FY22, we signed new power purchase agreements around the globe, bringing our total portfolio of PPAs for carbon-free energy to over 13.5 GW.",20,Transitioning to carbon-free energy,attribute,,13.5,,,,0.5,data/raw/microsoft/2022_sustainability_report.pdf,False,False
"In addition to carbon-free energy, Microsoft has made commitments to diversity and inclusion, and to racial equity.",20,Committing to environmental justice in carbon-free energy procurement,attribute,,,,,,0.0,data/raw/microsoft/2022_sustainability_report.pdf,False,False
"To support environmental justice outcomes in a reimagined energy sector, Microsoft is in its third year of modeling approaches that link our carbon-free energy commitments with community-led clean energy and resiliency projects.",20,Committing to environmental justice in carbon-free energy procurement,attribute,hedged,,,,,0.0,data/raw/microsoft/2022_sustainability_report.pdf,False,False
"Through partnerships, we have established new renewable energy procurement models that create new opportunities for frontline communities by equitably distributing the benefits of the clean energy economy.",20,Committing to environmental justice in carbon-free energy procurement,attribute,,,,,,0.0,data/raw/microsoft/2022_sustainability_report.pdf,False,False
"By using emissions data to determine where new solar generation can displace the most carbon, Clearloop is collaborating with Microsoft to expand access to clean energy in a state that currently relies on fossil fuels to power nearly 90 percent of its electricity.",20,Committing to environmental justice in carbon-free energy procurement,attribute,,90 percent,,,,0.5,data/raw/microsoft/2022_sustainability_report.pdf,False,False
"To support environmental justice outcomes in a reimagined energy sector, Microsoft is in its third year of modeling approaches that link our carbon-free energy commitments with community-led clean energy and resiliency projects.",20,Committing to environmental justice in carbon-free energy procurement,attribute,hedged,,,,,0.0,data/raw/microsoft/2022_sustainability_report.pdf,False,False
"Energy Compacts were introduced in 2021 as a key outcome of the Highlevel Dialogue on Energy, which calls for affordable, reliable, sustainable, and modern energy for all by 2030.",21,Committing to environmental justice in carbon-free energy procurement > Contribution to collective action to decarbonize the electric grid,target,,,,2030,,0.25,data/raw/microsoft/2022_sustainability_report.pdf,False,False
"Together, these projects are some of the largest off-grid minigrids operating in Sub-Saharan Africa, eventually benefiting 125,000 people and raising the average electricity rate from three percent to around 20 percent.",21,Committing to environmental justice in carbon-free energy procurement > Other projects,other,,20 percent,,,,0.5,data/raw/microsoft/2022_sustainability_report.pdf,False,False
Microsoft links carbon-free energy commitments with community-led clean energy and resiliency projects.,21,Committing to environmental justice in carbon-free energy procurement > Other projects,attribute,,,,,,0.0,data/raw/microsoft/2022_sustainability_report.pdf,False,False
"In FY22, we contracted 1,443,981 metric tons of carbon removal.",22,2022 projects and results,other,,"1,443,981 metric tons",,,,0.5,data/raw/microsoft/2022_sustainability_report.pdf,False,False
"Early in 2022, we signed a small deal with Climate Robotics and we doubleddown in August with a four-year, 75,000 metric ton contract.",23,2022 projects and results > Climate Robotics,other,,"75,000 metric ton",,,,0.5,data/raw/microsoft/2022_sustainability_report.pdf,False,False
"In September 2022, we signed a deal for 25,000 metric tons of CDR from O.C.O’s mineralization technology, which takes industrial waste (like fly ash) and uses it as the core of manufactured limestone.",23,2022 projects and results > O.C.O Technology,other,,"25,000 metric tons",,,,0.5,data/raw/microsoft/2022_sustainability_report.pdf,False,False
"We renewed our investment in the CommuniTree project in November 2022, signing for 700,000 metric tons in the form of ex ante credits over the next two years, which we project will deliver >100,000 metric tons of ex post verified carbon in 2030 and subsequent years.",23,2022 projects and results > O.C.O Technology,other,firm,"700,000 metric tons",2030,,,0.5,data/raw/microsoft/2022_sustainability_report.pdf,False,False
Microsoft supported the Environmental Defense Fund in developing a handbook which provides expert guidance on using high-integration sustainable aviation fuel.,24,5 Lower embodied carbon in materials needs to be a focus > Sustainable aviation fuel guidance,attribute,,,,,,0.0,data/raw/microsoft/2022_sustainability_report.pdf,False,False
3 Forging partnerships: Microsoft cannot achieve carbon negative alone.,25,Scope 3 emissions reduction,attribute,,3,,,,0.5,data/raw/microsoft/2022_sustainability_report.pdf,False,False
"5 Advocating for policy: We will propose and endorse public policies that enrich markets, partnerships, and measurement activities, with a focus on “greening the grid,” by further opening the power sector to corporate clean energy purchases and upgrading electric transmission.",25,Scope 3 emissions reduction,attribute,firm,5,,,,0.5,data/raw/microsoft/2022_sustainability_report.pdf,False,False
"Our carbon negative commitment is an invitation to the world to participate in this journey, translating ingenuity into action, and action into impact.",25,Scope 3 emissions reduction,attribute,firm,,,,,0.0,data/raw/microsoft/2022_sustainability_report.pdf,False,False
Our carbon negative commitment is an invitation to the world to participate in the journey to emissions reductions.,25,Scope 3 emissions reduction,attribute,firm,,,,,0.0,data/raw/microsoft/2022_sustainability_report.pdf,False,False
"In 2020, we made a commitment to be water positive by 2030 and co-founded the Water Resilience Coalition (WRC), an industry-driven, CEO-led coalition of the UN Global Compact CEO Water Mandate to reduce water stress by 2050.",26,Getting to water positive > Our approach,target,firm,"2020,",,2030,,0.5,data/raw/microsoft/2022_sustainability_report.pdf,False,False
15.6M In FY22 we contracted replenishment projects that are estimated to provide more than 15.6 million m cubed in volumetric water benefit.,26,Getting to water positive > Our approach,other,,15.6 million,,,,0.5,data/raw/microsoft/2022_sustainability_report.pdf,False,False
15.6M In FY22 we contracted replenishment projects that are estimated to provide more than 15.6 million m3 in volumetric water benefit.,26,Getting to water positive > Our approach,other,,15.6 million,,,,0.5,data/raw/microsoft/2022_sustainability_report.pdf,False,False
"By 2030, we will replenish more water than we consume across our global operations in water-stressed regions where we work.",27,Water positive by 2030 Our commitment > Replenishing more water than we use,target,firm,"2030,",,2030,,0.5,data/raw/microsoft/2022_sustainability_report.pdf,False,False
We will provide 1.5 million people with access to clean water and sanitation services by 2030.,27,Water positive by 2030 Our commitment > Increasing access to water,target,firm,1.5 million,2030,2030,,0.75,data/raw/microsoft/2022_sustainability_report.pdf,False,False
"In FY22, we contracted for replenishment projects that are estimated to provide more than 15.6 million m cubed in volumetric water benefit over the lifetime of these projects.",27,Water positive by 2030 Our commitment > 15.6 million m cubed of water replenishment,other,,15.6 million,,,,0.5,data/raw/microsoft/2022_sustainability_report.pdf,False,False
"Since the inception of this program, we have contracted for projects that are estimated to provide more than 35 million m cubed in volumetric water benefit over the lifetime of these projects.",27,Water positive by 2030 Our commitment > 15.6 million m cubed of water replenishment,other,,35 million,,,,0.5,data/raw/microsoft/2022_sustainability_report.pdf,False,False
"By the end of FY22, we provided more than 550,000 people with access to clean water and sanitation solutions in Brazil, India, Indonesia, and Mexico and reached just under one million people by the end of the calendar year 2022.",27,Water positive by 2030 Our commitment > Water access for 1 million people,achievement,achievement,"550,000",,,,0.33,data/raw/microsoft/2022_sustainability_report.pdf,False,False
"In FY22, we consumed nearly 6.4 million m cubed of water from our operations.",28,Water positive by 2030 Our commitment > Water access for 1 million people,other,,6.4 million,,,own operations,1.0,data/raw/microsoft/2022_sustainability_report.pdf,False,False
"In FY22, we contracted for replenishment projects that are estimated to provide more than 15.6 million m cubed in volumetric water benefit over the lifetime of these projects.",28,Water positive by 2030 Our commitment > Learn more in the Environmental Data Fact Sheet,other,,15.6 million,,,,0.5,data/raw/microsoft/2022_sustainability_report.pdf,False,False
"Since year one, we have contracted 27 replenishment programs in water-stressed basins, which are contracted to deliver more than 35 million m cubed of replenishment over their lifetime.",29,"South Africa 16,408 > United States",other,,35 million,,,,0.5,data/raw/microsoft/2022_sustainability_report.pdf,False,False
Water usage effectiveness (WUE) is a key metric relating to the efficient and sustainable operations of our datacenters and is a crucial aspect as we work towards our commitment to be water positive by 2030.,30,Designing for efficiency > Increasing efficiency in existing systems,target,firm,,,2030,,0.25,data/raw/microsoft/2022_sustainability_report.pdf,False,False
"At our Silicon Valley campus, which is pursuing net-zero water certification and is on track to be one of first tech campuses to secure this certification, we operate a water treatment plant to process on-site grey and black water for reuse and have established a water budget to quantify the amount of water captured, recycled, and reused on-site.",31,Designing for efficiency > Recycling and reusing water,attribute,,,,,,0.0,data/raw/microsoft/2022_sustainability_report.pdf,False,False
We also continue to move forward on plans to access municipal recycled water for landscaping and plumbing at LinkedIn’s Mountain View headquarters.,31,Designing for efficiency > Procuring reclaimed water from utilities,attribute,,,,,,0.0,data/raw/microsoft/2022_sustainability_report.pdf,False,False
We are currently testing municipal recycled water quality to confirm on-site treatment requirements.,31,Designing for efficiency > Procuring reclaimed water from utilities,attribute,,,,,,0.0,data/raw/microsoft/2022_sustainability_report.pdf,False,False
"This project is anticipated to save approximately 30,500 m cubed of potable water annually when implemented, which we expect to be completed in 2023.",31,Designing for efficiency > Procuring reclaimed water from utilities,achievement,achievement,"30,500",,,,0.33,data/raw/microsoft/2022_sustainability_report.pdf,False,False
"At the component level, we’re testing new biodegradable materials to empower greater circularity of our servers and exploring microfluidics to cool chips more efficiently.",32,Designing for efficiency > Pioneering liquid immersion cooling,attribute,,,,,,0.0,data/raw/microsoft/2022_sustainability_report.pdf,False,False
"Four new air-to-water generators were installed at our Hyderabad campus in 2020 and 2021, each has an installed capacity of 500 liters.",32,Designing for efficiency > Investing in air-to-water generation,achievement,achievement,500 liters,,,,0.33,data/raw/microsoft/2022_sustainability_report.pdf,False,False
"We have contracted for 27 replenishment projects, totaling more than 35 million m cubed of potential volumetric water benefit and have invested $7 million in the program overall.",33,Replenishing water,other,,35 million,,,,0.5,data/raw/microsoft/2022_sustainability_report.pdf,False,False
"In FY22, we invested in six new projects, which are expected to replenish more than 15 million m cubed of water in the next decade.",33,Replenishing water,other,,15 million,,,,0.5,data/raw/microsoft/2022_sustainability_report.pdf,False,False
"To date, we have contracted for 27 replenishment projects, totaling more than 35 million m cubed of potential volumetric water benefit and have invested $7 million in the program overall.",33,Replenishing water,other,,35 million,,,,0.5,data/raw/microsoft/2022_sustainability_report.pdf,False,False
The project will support expanded applications of Internet of Things (IoT)-based satellite moisture and irrigation management systems on 360 hectares of private irrigated family farms to decrease water pumping and diversion.,33,"Replenishing water > Improving precision agriculture in Santiago, Chile",other,firm,360 hectares,,,,0.5,data/raw/microsoft/2022_sustainability_report.pdf,False,False
We continue to make progress towards our commitment to provide 1.5 million people with access to safe drinking water and sanitation solutions by 2030.,34,Improving access to water,target,firm,1.5 million,2030,2030,,0.75,data/raw/microsoft/2022_sustainability_report.pdf,False,False
"In 2020, we committed to providing Water.org with $3 million over three years to provide micro-loans to cover a range of solutions, such as installation of household taps and toilets, rainwater harvesting, storage and well restoration for communities and schools.",34,Improving access to water,other,firm,3 million,,,,0.5,data/raw/microsoft/2022_sustainability_report.pdf,False,False
"Every year, people consume 100 billion tons of materials, and in 2020 only 8.6 percent of those materials were cycled back into the economy after use, according to the 2022 Circularity Gap Report.",37,Getting to zero waste > Our approach,other,,100 billion,,,,0.5,data/raw/microsoft/2022_sustainability_report.pdf,False,False
"To reach our commitment to become a zero waste company by 2030, Microsoft is taking an increasingly circular approach to materials management to reduce waste and carbon emissions.",37,Getting to zero waste > Our approach,target,firm,"2030,",,2030,,0.5,data/raw/microsoft/2022_sustainability_report.pdf,False,False
"We are increasing the use of recycled and recyclable content, reducing hazardous substances, and designing out waste.",37,Getting to zero waste > Our approach,attribute,,,,,,0.0,data/raw/microsoft/2022_sustainability_report.pdf,False,False
"In FY22, we diverted 12,159 metric tons of solid waste from landfills and incinerators.",37,Getting to zero waste > Our approach,other,,"12,159 metric tons",,,,0.5,data/raw/microsoft/2022_sustainability_report.pdf,False,False
"12,159 In FY22, we diverted 12,159 metric tons of solid waste from landfills and incinerators.",37,Getting to zero waste > Our approach,other,,"12,159 metric tons",,,,0.5,data/raw/microsoft/2022_sustainability_report.pdf,False,False
"We will achieve 90 percent diversion of operational waste at datacenters and campuses, and 75 percent diversion for all construction and deconstruction projects by 2030.",38,Zero waste by 2030 across our direct waste footprint > Driving to zero waste operations,target,firm,90 percent,2030,2030,,0.75,data/raw/microsoft/2022_sustainability_report.pdf,False,False
"We will design Surface devices, Xbox products and accessories, and all Microsoft product packaging to be 100 percent recyclable in OECD countries by 2030.",38,Zero waste by 2030 across our direct waste footprint > Making fully recyclable products and packaging,target,firm,100 percent,,2030,,0.5,data/raw/microsoft/2022_sustainability_report.pdf,False,False
"Zero waste campuses In FY22, we piloted a durables-first campaign in Dublin and Puget Sound, focusing on replacing items such as single-use cups and takeaway containers with reusable solutions.",38,Zero waste by 2030 across our direct waste footprint > Other achievements,attribute,,,,,,0.0,data/raw/microsoft/2022_sustainability_report.pdf,False,False
"In FY22, we diverted 12,159 metric tons of solid waste from landfills and incinerators across our owned datacenters and campuses.",38,"Zero waste by 2030 across our direct waste footprint > 12,159 metric tons of operational waste",other,,"12,159 metric tons",,,,0.5,data/raw/microsoft/2022_sustainability_report.pdf,False,False
"In FY22, we renewed Zero Waste certifications for our San Antonio, Texas; Quincy, Washington; Boydton, Virginia; and Dublin, Ireland datacenter locations.",38,"Zero waste by 2030 across our direct waste footprint > 12,159 metric tons of operational waste",attribute,,,,,,0.0,data/raw/microsoft/2022_sustainability_report.pdf,False,False
Our Redmond campus has been Zero Waste certified for six consecutive years.,38,"Zero waste by 2030 across our direct waste footprint > 12,159 metric tons of operational waste",attribute,,,,,,0.0,data/raw/microsoft/2022_sustainability_report.pdf,False,False
Our reuse and recycle rates of servers and components across all cloud hardware reached 82 percent in FY22.,38,"Zero waste by 2030 across our direct waste footprint > 12,159 metric tons of operational waste",achievement,achievement,82 percent,,,,0.33,data/raw/microsoft/2022_sustainability_report.pdf,False,False
"We reduced single-use plastics in our Microsoft product packaging by more than 29 percent, a decrease from 4.7 percent to 3.3 percent by weight (on average) of plastic per package in FY22.",38,"Zero waste by 2030 across our direct waste footprint > 12,159 metric tons of operational waste",achievement,achievement,29 percent,,,,0.33,data/raw/microsoft/2022_sustainability_report.pdf,False,False
"Devices Recycled materials in devices Without compromising on our design and quality, we constantly evaluate any opportunities for recycled materials.",38,"Zero waste by 2030 across our direct waste footprint > 12,159 metric tons of operational waste",attribute,,,,,,0.0,data/raw/microsoft/2022_sustainability_report.pdf,False,False
"For example, many of our PC accessories contain recycled materials, including the new Microsoft Adaptive Accessories and Audio Dock, both made with at least 30 percent post-consumer recycled plastic resin.",38,"Zero waste by 2030 across our direct waste footprint > 12,159 metric tons of operational waste",attribute,,30 percent,,,,0.5,data/raw/microsoft/2022_sustainability_report.pdf,False,False
"In FY22, Microsoft’s diversion rate increased to 84.9 percent and we diverted more than 12,100 metric tons of waste from being landfilled or incinerated.",39,"Zero waste by 2030 across our direct waste footprint > 12,159 metric tons of operational waste",other,,84.9 percent,,,,0.5,data/raw/microsoft/2022_sustainability_report.pdf,False,False
"In FY22, Microsoft increased reuse and recycling of servers and components to 82 percent.",39,Zero waste by 2030 across our direct waste footprint > Learn more in the Environmental Data Fact Sheet,other,,82 percent,,,,0.5,data/raw/microsoft/2022_sustainability_report.pdf,False,False
Expansion of our Circular Centers program and investments in systems and policy changes will further enable us to achieve our 90 percent reuse and recycling target of servers and components by 2025.,39,Zero waste by 2030 across our direct waste footprint > Learn more in the Environmental Data Fact Sheet,target,firm,90 percent,,2025,,0.5,data/raw/microsoft/2022_sustainability_report.pdf,False,False
"In FY22, we achieved a rate of over 94 percent recyclability and decreased single-use plastics to just over three percent across all Microsoft product packaging.",40,Zero waste by 2030 across our direct waste footprint > Waste Table 3 Designing our product packaging for circularity,achievement,achievement,94 percent,,,,0.33,data/raw/microsoft/2022_sustainability_report.pdf,False,False
"To meet our commitment to being zero waste by 2030, we are reducing, reusing, and recovering waste in our campuses and datacenters.",41,Reducing our waste footprint,target,firm,"2030,",,2030,,0.5,data/raw/microsoft/2022_sustainability_report.pdf,False,False
A critical piece of achieving our zero waste goal is managing cloud hardware at our growing fleet of datacenters.,41,Reducing our waste footprint > Reducing waste in our cloud hardware,attribute,,,,,,0.0,data/raw/microsoft/2022_sustainability_report.pdf,False,False
Our Amsterdam Circular Center model achieved reuse and recycle of 82 percent of all decommissioned assets in FY22.,41,Reducing our waste footprint > Reusing and recycling cloud hardware,achievement,achievement,82 percent,,,,0.33,data/raw/microsoft/2022_sustainability_report.pdf,False,False
"To enact these principles at scale, we developed a patent-pending Intelligent Disposition and Routing System (IDARS) that establishes and executes a zero waste plan for our cloud hardware assets.",41,Reducing our waste footprint > Developing technology to drive a circular cloud,attribute,,,,,,0.0,data/raw/microsoft/2022_sustainability_report.pdf,False,False
"This specification outlines the sustainability guidelines, including energy and material efficiency requirements, that suppliers must follow when designing hardware for the Microsoft Cloud, such as the use of post-consumer recycled (PCR) plastics and use of recycled content requirements in some packaging.",41,Reducing our waste footprint > Defining design requirements for cloud hardware,attribute,firm,,,,,0.0,data/raw/microsoft/2022_sustainability_report.pdf,False,False
"Using our current hardware data collection process, we can now digest data such as weights, material type, and recycled content that can be used for regulatory purposes and to enable our suppliers to deliver energy and material efficient hardware contributing to carbon and waste reduction.",41,Reducing our waste footprint > Defining design requirements for cloud hardware,attribute,,,,,,0.0,data/raw/microsoft/2022_sustainability_report.pdf,False,False
We are partnering with suppliers on more sustainable material innovations.,42,Reducing our waste footprint > Innovating with suppliers on materials,attribute,,,,,,0.0,data/raw/microsoft/2022_sustainability_report.pdf,False,False
"In our hardware supply chain, we are working on using 100 percent recycled tin solder paste and 100 percent recycled gold in our printed circuit boards.",42,Reducing our waste footprint > Innovating with suppliers on materials,attribute,,100 percent,,,supply chain,1.0,data/raw/microsoft/2022_sustainability_report.pdf,False,False
"As we make progress towards our goal of 100 percent recyclability of Surface devices and Xbox consoles and accessories, we are engaged with the electronics recycling industry to learn about and improve how our products are recycled at end of life.",42,Reducing our waste footprint > Designing for recyclability,attribute,,100 percent,,,,0.5,data/raw/microsoft/2022_sustainability_report.pdf,False,False
Microsoft is committed to making fully recyclable packaging for our products by 2030.,42,Reducing our waste footprint > Reducing plastic packaging waste,target,firm,,,2030,,0.25,data/raw/microsoft/2022_sustainability_report.pdf,False,False
"In FY22, we reduced single-use plastics in our Microsoft device packaging by 29.8 percent, a reduction from 4.7 percent to 3.3 percent by weight (on average) of plastic per package.",42,Reducing our waste footprint > Reducing single-use plastics in device packaging,achievement,achievement,29.8 percent,,,,0.33,data/raw/microsoft/2022_sustainability_report.pdf,False,False
"We made significant progress on our journey to eliminate single-use plastic packaging, introducing several 100 percent plastic-free packages during the year including the Surface Adaptive Kit and Microsoft Ocean Plastic mouse.",42,Reducing our waste footprint > Reducing single-use plastics in device packaging,attribute,,100 percent,,,,0.5,data/raw/microsoft/2022_sustainability_report.pdf,False,False
This packaging is made from 100 percent renewable materials and fully recyclable.,42,Reducing our waste footprint > Reducing single-use plastics in device packaging,attribute,,100 percent,,,,0.5,data/raw/microsoft/2022_sustainability_report.pdf,False,False
"In FY22, our product packaging was on average 94.4 percent recyclable in OECD countries.",42,Reducing our waste footprint > Reducing single-use plastics in device packaging,attribute,,94.4 percent,,,,0.5,data/raw/microsoft/2022_sustainability_report.pdf,False,False
Our most recent wave of Surface Laptop 5 and Pro 9 retail packages use less than one percent plastic (by weight) and are over 99 percent recyclable.,42,Reducing our waste footprint > Reducing single-use plastics in device packaging,attribute,,99 percent,,,,0.5,data/raw/microsoft/2022_sustainability_report.pdf,False,False
All virgin paper/fiber used for these packages is certified as responsibly sourced.,42,Reducing our waste footprint > Reducing single-use plastics in device packaging,attribute,,,,,,0.0,data/raw/microsoft/2022_sustainability_report.pdf,False,False
"29.8% In FY22, we reduced single-use plastics in our Microsoft device packaging by 29.8 percent.",42,Reducing our waste footprint > Reducing single-use plastics in device packaging,achievement,achievement,29.8%,,,,0.33,data/raw/microsoft/2022_sustainability_report.pdf,False,False
"Getting to zero waste at our campuses and datacenters requires more ambitious efforts to reduce as much waste as we can, reuse products to extend use life, and recycle or compost wherever possible.",43,Reducing our waste footprint > Reducing operational waste,attribute,,,,,,0.0,data/raw/microsoft/2022_sustainability_report.pdf,False,False
Our Puget Sound campus has been Zero Waste certified since 2016.,43,Reducing our waste footprint > Transforming to zero waste campuses,attribute,,,,,,0.0,data/raw/microsoft/2022_sustainability_report.pdf,False,False
"The goals are to reduce preand post-consumer food waste, avoid waste collection contamination, reduce packaging in kitchen deliveries, transition all parts of the program to 100 percent reusable dishware, and eliminate single-use packaging in micro kitchens.",43,Reducing our waste footprint > Transforming to zero waste campuses,other,,100 percent,,,,0.5,data/raw/microsoft/2022_sustainability_report.pdf,False,False
"Zero waste San Antonio, Quincy, Boydton, and Dublin datacenter locations all renewed their zero waste certifications in FY22.",43,Reducing our waste footprint > Transforming to zero waste campuses,attribute,,,,,,0.0,data/raw/microsoft/2022_sustainability_report.pdf,False,False
Microsoft has a goal to achieve 90 percent reuse or recycle of our cloud computing hardware assets by 2025.,43,Reducing our waste footprint > Achieving zero waste datacenters,target,,90 percent,,2025,,0.5,data/raw/microsoft/2022_sustainability_report.pdf,False,False
"In FY22, we renewed Zero Waste certifications for our San Antonio, Quincy, Boydton, and Dublin, datacenter locations.",43,Reducing our waste footprint > Achieving zero waste datacenters,attribute,,,,,,0.0,data/raw/microsoft/2022_sustainability_report.pdf,False,False
"As we pursue our zero waste and circularity goals, we also look for opportunities to provide community co-benefits where we operate.",43,Reducing our waste footprint > Going beyond our operations,attribute,,,,,,0.0,data/raw/microsoft/2022_sustainability_report.pdf,False,False
"Atlanta's Zero Waste Westside initiative, sponsored with Microsoft grant funding, shows the power of justicecentered community-led sustainability enterprises.",43,Reducing our waste footprint > Going beyond our operations,attribute,,,,,,0.0,data/raw/microsoft/2022_sustainability_report.pdf,False,False
"As we pursue our zero waste and circularity goals, we also look for opportunities to provide community co-benefits where we operate.",43,Reducing our waste footprint > Going beyond our operations,attribute,,,,,,0.0,data/raw/microsoft/2022_sustainability_report.pdf,False,False
"We have a goal of 75 percent construction and deconstruction waste diversion for all projects, including tenant improvement, and 90 percent diversion for core and shell projects over 75,000 square feet.",43,Reducing our waste footprint > Improving our diversion rates,other,,75 percent,,,,0.5,data/raw/microsoft/2022_sustainability_report.pdf,False,False
Microsoft will use roadmaps across the company to enable key activities that result in zero waste outcomes that center circularity.,45,What’s next > 1 Acceleratingprogress towards zero waste by 2030,attribute,firm,,,,,0.0,data/raw/microsoft/2022_sustainability_report.pdf,False,False
"In efforts to further accelerate progress towards our zero waste and Scope 3 carbon reduction commitments, we are working across the enterprise and with external partners to prioritize actions that align with our circular strategy.",45,What’s next > 2 Expanding our circular strategy across Microsoft,attribute,,,,,Scope 3,0.5,data/raw/microsoft/2022_sustainability_report.pdf,False,False
"These new systems will allow for better data such as weights, material type, and recycled content, ensuring regulatory compliance and supporting decision making around driving circular economy initiatives.",45,What’s next > 3 Streamlining our collection systems,attribute,firm,,,,,0.0,data/raw/microsoft/2022_sustainability_report.pdf,False,False
"We will continue to build on existing community partnerships, such as our partnership with Zero Waste Westside, and explore new ones in communities we operate in to create opportunities for economic inclusion and community well-being.",45,What’s next > 4 Growing the scope and impact of our environmental justice initiatives,attribute,firm,,,,,0.0,data/raw/microsoft/2022_sustainability_report.pdf,False,False
"To further our progress towards our zero waste objectives, our Cloud Logistics Team has undertaken a deeply collaborative process with stakeholders from across the enterprise to source and design world class reusable solutions for the safe and sustainable transportation of Microsoft's server racks.",45,What’s next > 5 Redesigning cloud rack packaging,attribute,,,,,,0.0,data/raw/microsoft/2022_sustainability_report.pdf,False,False
"Today, the transportation of each server rack from integration to our datacenters results in over 100kg of packaging waste.",45,What’s next > 5 Redesigning cloud rack packaging,other,,100kg,,,,0.5,data/raw/microsoft/2022_sustainability_report.pdf,False,False
Designing for circularity accelerates our path to zero waste by 2030.,45,What’s next > 5 Redesigning cloud rack packaging,target,,,,2030,,0.25,data/raw/microsoft/2022_sustainability_report.pdf,False,False
"Microsoft directly operates on approximately 11,000 acres of land around the world, and we recognize that our own land footprint has an impact on ecosystems.",46,Protecting more land than we use > Our approach,other,,"11,000 acres",,,,0.5,data/raw/microsoft/2022_sustainability_report.pdf,False,False
"We protected 12,270 acres of land in 2022, exceeding our land use footprint.",47,of total land protected acres > Protecting acres of land,other,,"12,270 acres",,,,0.5,data/raw/microsoft/2022_sustainability_report.pdf,False,False
"Last year, we contributed to the TNC Belize Maya Forest Project (BMF) to protect an additional 236,000 acres in a global biodiversity hotspot.",48,Taking responsibility for our land footprint > Protecting the Belize Maya Forest,other,,"236,000 acres",,,,0.5,data/raw/microsoft/2022_sustainability_report.pdf,False,False
"In 2022, we improved the efficiency of Microsoft Azure, decreased the carbon intensity of Microsoft 365 cloud services, and launched the world's first “carbonaware” updates in a PC operating system in September as part of the Windows 11 launch.",53,Customer sustainability > Advancing climate aware software engineering,achievement,achievement,"2022,",,,,0.33,data/raw/microsoft/2022_sustainability_report.pdf,False,False
"In 2022, TerraPraxis and Microsoft entered a strategic collaboration to repurpose over 2,400 coal-fired power plants around the world to run on carbon-free energy.",55,Microsoft Cloud for Sustainability > Enabling partner solutions,attribute,,"2022,",,,,0.5,data/raw/microsoft/2022_sustainability_report.pdf,False,False
The partnership will help to accelerate the transition of one of the world's largest sources of carbon to zero emissions.,55,Microsoft Cloud for Sustainability > Enabling partner solutions,attribute,firm,,,,,0.0,data/raw/microsoft/2022_sustainability_report.pdf,False,False
25% We are reducing idle power consumption of servers when they are not actively being used and expect up to a 25 percent reduction in energy usage for these unallocated servers.,56,Green software,other,firm,25%,,,,0.5,data/raw/microsoft/2022_sustainability_report.pdf,True,False
"We expect up to a 25 percent reduction in energy usage for these unallocated servers, with a corresponding reduction in Scope 2 emissions.",56,Green software > Improving cloud energy efficiency,other,,25 percent,,,Scope 2,1.0,data/raw/microsoft/2022_sustainability_report.pdf,False,False
"This initiative has the potential to reduce datacenter hardware needs, and the associated embodied carbon, by more than 30 percent.",56,Green software > Improving cloud resource utilization,other,,30 percent,,,,0.5,data/raw/microsoft/2022_sustainability_report.pdf,False,False
"As disclosed in this white paper, we use the data powering the Emissions Impact Dashboard for Microsoft 3658 to estimate that the datacenter carbon intensity per gigabyte of data stored in SharePoint and OneDrive per month decreased by more than 30 percent9 over the course of FY22.",57,Green software > Decreasing the carbon intensity of Microsoft 365,other,,30 percent,,,,0.5,data/raw/microsoft/2022_sustainability_report.pdf,False,False
"It is estimated that by 2025, Microsoft Azure will run on 100 percent renewable energy.",58,Reducing carbon intensity of devices and gaming > Reducing emissions with cloudpowered computing,target,firm,100 percent,,2025,,0.5,data/raw/microsoft/2022_sustainability_report.pdf,False,False
"In 2022, Microsoft launched our Xbox app on Samsung 2022 Smart TVs, enabling users to play hundreds of cloud-enabled Xbox Game Pass games like Halo Infinite, Forza Horizon 5, and Microsoft Flight Simulator without the need for a console, and soon benefiting from the impressive renewable energy commitments in Azure.",58,Reducing carbon intensity of devices and gaming > Reducing emissions with cloudpowered computing,achievement,achievement,"2022,",2022,,,0.67,data/raw/microsoft/2022_sustainability_report.pdf,False,False
"Last year, we released Shutdown (energy saving) mode for Xbox, which became the default power experience in November 2021 and has been adopted by 39 percent of our consoles.",59,Sustainable devices,other,,39 percent,,,,0.5,data/raw/microsoft/2022_sustainability_report.pdf,False,False
"Each device we sell is a complex amalgamation of new and recycled materials, manufacturing and assembly processes, distribution, lifetime product usage, and eventual disposition.",59,Sustainable devices > Building a data-driven carbon platform,attribute,,,,,,0.0,data/raw/microsoft/2022_sustainability_report.pdf,False,False
"We trial new materials in individual products, and if successful, we expand their use across our broader portfolio—such as in Windows Dev Kit 2023, an ARMbased developer kit featuring 20 percent recycled ocean plastic11, a material first proven in our Ocean Plastic Mouse.",59,"Sustainable devices > Testing lower-carbon, circular design",attribute,,20 percent,,,,0.5,data/raw/microsoft/2022_sustainability_report.pdf,False,False
"Without compromising on our design and quality, we routinely evaluate opportunities for the use of recycled material content.",59,Sustainable devices > Incorporating recycled materials in devices,attribute,,,,,,0.0,data/raw/microsoft/2022_sustainability_report.pdf,False,False
"For example, many of our PC accessories contain recycled plastic, including our new Adaptive Accessories and Audio Dock, which are both made with at least 30 percent post-consumer recycled plastic resin.",59,Sustainable devices > Incorporating recycled materials in devices,attribute,,30 percent,,,,0.5,data/raw/microsoft/2022_sustainability_report.pdf,False,False
Enabling these localized repair hubs has led to quantifiable reductions in reverse logistics emissions (over 10 percent in some cases).,60,Sustainable devices > Designing for repairability,other,,10 percent,,,,0.5,data/raw/microsoft/2022_sustainability_report.pdf,False,False
"These reductions resulted from 12 suppliers switching to renewable energy, with six converting to 100 percent renewable energy.",60,Sustainable devices > Designing for repairability,other,,100 percent,,,,0.5,data/raw/microsoft/2022_sustainability_report.pdf,False,False
We are partnering with suppliers on more sustainable material innovations.,60,Sustainable devices > Innovating materials with suppliers,attribute,,,,,,0.0,data/raw/microsoft/2022_sustainability_report.pdf,False,False
"For example, in our hardware supply chain, we are working on using 100 percent recycled tin solder paste and 100 percent recycled gold in our printed circuit boards.",60,Sustainable devices > Innovating materials with suppliers,attribute,,100 percent,,,supply chain,1.0,data/raw/microsoft/2022_sustainability_report.pdf,False,False
