sentence,page,section_path,claim_type,strength,quantity,baseline,deadline,scope,slot_fill_score,source_file
"Our first annual sustainability report, released in January 2021, showed early progress on our commitments to become a carbon negative, water positive, zero waste company by 2030 and protect ecosystems by building a Planetary Computer.",4,metric tons of waste diverted from landfills 24 > Microsoft’s sustainability commitments: two years into our ten-year journey,target,,"2021,",,2030,,0.5,data/raw/microsoft/2021_sustainability_report.pdf
"However, as our business has grown and we’ve seen increased use of our devices and cloud services, our total Scope 3 emissions (comprising the company’s entire value chain) have increased by about 23 percent year-over-year.",4,metric tons of waste diverted from landfills 24 > A closer look at 2021,other,,23 percent,,,Scope 3; value chain,1.0,data/raw/microsoft/2021_sustainability_report.pdf
The emissions associated with the capital equipment category accounted for about 30 percent of our Scope 3 total this year.,4,metric tons of waste diverted from landfills 24 > A closer look at 2021,other,,30 percent,,,Scope 3,1.0,data/raw/microsoft/2021_sustainability_report.pdf
This category accounted for about 29 percent of our Scope 3 total this year.,4,metric tons of waste diverted from landfills 24 > A closer look at 2021,other,,29 percent,,,Scope 3,1.0,data/raw/microsoft/2021_sustainability_report.pdf
"Nonetheless, the challenge remains: we must continuously improve on our efforts to decouple our emissions from our growth until we reach our carbon negative commitment in 2030.",4,metric tons of waste diverted from landfills 24 > The journey to net zero,attribute,firm,,,,,0.0,data/raw/microsoft/2021_sustainability_report.pdf
"Some of this will happen through the completion of specific goals such as our shift to a 100 percent electric campus vehicle fleet, our move away from diesel fuel as a backup energy source for our datacenters, and the carbon benefits of our waste reduction improvements due to our expanding fleet of Circular Centers.",4,metric tons of waste diverted from landfills 24 > The journey to net zero,other,firm,100 percent,,,,0.5,data/raw/microsoft/2021_sustainability_report.pdf
There are several external factors or bugs in the world’s net zero carbon program that if addressed will help us all make greater progress toward our net zero goals.,5,Foreword (continued),attribute,firm,,,,,0.0,data/raw/microsoft/2021_sustainability_report.pdf
"The world lacks a common meaning of the term net zero and a common unit of measurement for assessing the climate impact of various net zero approaches, and we must all focus on maturing the markets needed to achieve a net zero carbon economy by 2050.",5,Foreword (continued),target,firm,,2050,2050,,0.5,data/raw/microsoft/2021_sustainability_report.pdf
You can only get to net zero when you’ve reduced all that you can and your remaining carbon emissions are completely balanced by long-term carbon removal.,5,Foreword (continued),attribute,achievement,,,,,0.0,data/raw/microsoft/2021_sustainability_report.pdf
"Last year, we made the world’s largest purchase of carbon removal at 1.4 million metric tons and in this fiscal year we are on track to top that by procuring 1.5 million metric tons.",5,Foreword (continued),other,,1.4 million,,,,0.5,data/raw/microsoft/2021_sustainability_report.pdf
"We are committed to becoming a carbon negative, water positive, zero waste company by 2030.",5,Foreword (continued) > From pledges to progress,target,firm,,,2030,,0.25,data/raw/microsoft/2021_sustainability_report.pdf
"With net zero becoming the new normal—more than 1,500 companies with total net revenue of $11.4 trillion have pledged that they will become carbon neutral or net zero—the world must move from climate pledges to climate progress.",5,Foreword (continued) > From pledges to progress,attribute,firm,"1,500",,,,0.5,data/raw/microsoft/2021_sustainability_report.pdf
"Allocated $471 million to date via our Climate Innovation Fund to accelerate our carbon goals, as well as water and waste.",6,Foreword (continued) > From pledges to progress,other,,471 million,,,,0.5,data/raw/microsoft/2021_sustainability_report.pdf
We also donated $100 million to Breakthrough Energy’s Catalyst initiative.,6,Foreword (continued) > From pledges to progress,other,,100 million,,,,0.5,data/raw/microsoft/2021_sustainability_report.pdf
"In FY21, we diverted more than 15,200 metric tons of solid waste otherwise headed to landfills and incinerators.",6,Circular Centers,other,,"15,200 metric tons",,,,0.5,data/raw/microsoft/2021_sustainability_report.pdf
"In July 2021, 87 percent of our in-scope suppliers reported their emissions to CDP, up 12 percent from 2020.",6,Circular Centers,other,,87 percent,2020,,,0.5,data/raw/microsoft/2021_sustainability_report.pdf
"Four datacenters are Zero Waste certified, with new certifications for the San Antonio, Texas and Quincy.",6,Zero Waste,attribute,,,,,,0.0,data/raw/microsoft/2021_sustainability_report.pdf
Water Prize for Outstanding Private Sector Organization for adopting our water positive program and committing to being water positive by 2030.,6,Zero Waste > U.S. Water Prize,target,,,,2030,,0.25,data/raw/microsoft/2021_sustainability_report.pdf
We reduced single-use plastics in our Microsoft product packaging by 18 percent.,6,Zero Waste > U.S. Water Prize,achievement,achievement,18 percent,,,,0.33,data/raw/microsoft/2021_sustainability_report.pdf
"Microsoft’s commitments to become carbon negative, water positive, and zero waste by 2030 while building a Planetary Computer are well known.",7,"How we work > Report on everything, not just progress",target,,,,2030,,0.25,data/raw/microsoft/2021_sustainability_report.pdf
"As we saw the science in 2019, it was clear that our carbon neutral goal was not what the world needed—the world needs to reach net zero by or before 2050.",7,How we work > Set ambitions based on the science,target,,"2019,",,2050,,0.5,data/raw/microsoft/2021_sustainability_report.pdf
"In 2020, we made a series of environmental sustainability commitments, including being carbon negative, water positive, and zero waste by 2030.",7,How we work > Set ambitions based on the science,target,,"2020,",,2030,,0.5,data/raw/microsoft/2021_sustainability_report.pdf
"If the world is going to meet net zero goals by 2050, companies need to use their entire ecosystem and all of their positions of influence.",8,"How we work (continued) > Take steps to accelerate markets, ecosystems, and global progress",target,,"2050,",,2050,,0.5,data/raw/microsoft/2021_sustainability_report.pdf
"Our $1 billion Climate Innovation Fund is investing in organizations across our areas of commitment to build a larger, more robust ecosystem of effective companies and solutions.",8,"How we work (continued) > Take steps to accelerate markets, ecosystems, and global progress",other,firm,1 billion,,,,0.5,data/raw/microsoft/2021_sustainability_report.pdf
"Our sponsorship at COP26 and numerous engagements with governments at the city, regional, state, and national levels are aimed at creating policy environments that further accelerate the impact of this work and the transition to net zero.",8,"How we work (continued) > Take steps to accelerate markets, ecosystems, and global progress",attribute,,,,,,0.0,data/raw/microsoft/2021_sustainability_report.pdf
"Seven thousand people prepared 31,000 meatless or vegan meals, saved 197,000 pounds of CO2, diverted 227,000 plastic containers and bottles from landfill, saved 392,000 gallons of water, and spent 239,000 minutes learning about sustainability.",9,Feature story Empowering our global workforce,other,,"392,000 gallons",,,,0.5,data/raw/microsoft/2021_sustainability_report.pdf
Microsoft is committed to be a carbon negative company by 2030.,11,Carbon negative,target,firm,,,2030,,0.25,data/raw/microsoft/2021_sustainability_report.pdf
"Carbon negative By 2030, we will be carbon negative, and by 2050, we will remove our historical emissions since we were founded in 1975.",11,Carbon negative > Our commitments,target,firm,"2030,",2030,2030,,0.75,data/raw/microsoft/2021_sustainability_report.pdf
"Replace with 100/100/0 carbon free energy By 2030, 100 percent of our electricity consumption will be matched by zero carbon energy purchases 100 percent of the time.",11,Carbon negative > Our commitments,target,firm,100 percent,,2030,,0.5,data/raw/microsoft/2021_sustainability_report.pdf
"Reduce value chain emissions By 2030, we will reduce our Scope 3 emissions by more than half from a 2020 baseline.",11,Carbon negative > Our commitments,target,firm,"2030,",2020,2030,Scope 3; value chain,1.0,data/raw/microsoft/2021_sustainability_report.pdf
"Remove the rest of our emissions By 2030, we will remove more carbon than we emit.",11,Carbon negative > Our commitments,target,firm,"2030,",,2030,,0.5,data/raw/microsoft/2021_sustainability_report.pdf
"By 2050, we΄ll remove an equivalent amount of carbon to all our historical emissions.",11,Carbon negative > Our commitments,target,,"2050,",,2050,,0.5,data/raw/microsoft/2021_sustainability_report.pdf
Microsoft is committed to be a water positive company by 2030.,11,Water positive,target,firm,,,2030,,0.25,data/raw/microsoft/2021_sustainability_report.pdf
"Water positive By 2030, we will replenish more water than we use.",11,Water positive > Our commitments,target,firm,"2030,",,2030,,0.5,data/raw/microsoft/2021_sustainability_report.pdf
"Reduce water waste in datacenter operations By 2024, we will reduce water waste in our datacenter operations by 95 percent.",11,Water positive > Our commitments,target,firm,95 percent,,2024,,0.5,data/raw/microsoft/2021_sustainability_report.pdf
Increase access to water We will provide 1.5 million more people with access to clean water and sanitization services.,11,Water positive > Our commitments,other,firm,1.5 million,,,,0.5,data/raw/microsoft/2021_sustainability_report.pdf
Microsoft is committed to be a water positive company by 2030.,11,Water positive,target,firm,,,2030,,0.25,data/raw/microsoft/2021_sustainability_report.pdf
Microsoft is committed to become a zero waste company by 2030.,12,Zero waste,target,firm,,,2030,,0.25,data/raw/microsoft/2021_sustainability_report.pdf
"Our approach includes design and material selection, responsibly sourcing materials for our operations, products, and packaging, and increasing the use of recycled content.",12,Zero waste,attribute,,,,,own operations,0.5,data/raw/microsoft/2021_sustainability_report.pdf
"Zero waste By 2030, we will be zero waste across our direct business.",12,Commitments and progress (continued) > Our commitments,target,firm,"2030,",,2030,,0.5,data/raw/microsoft/2021_sustainability_report.pdf
"Increase reuse of servers and components through Circular Centers By 2025, 90 percent of servers and components within our regional datacenter networks will be reused.",12,Commitments and progress (continued) > Our commitments,target,firm,90 percent,,2025,,0.5,data/raw/microsoft/2021_sustainability_report.pdf
"Make fully recyclable products and packaging By 2030, we will design Surface devices, Xbox products and accessories, and all Microsoft product packaging to be 100 percent recyclable in OECD countries.",12,Commitments and progress (continued) > Our commitments,target,firm,100 percent,,2030,,0.5,data/raw/microsoft/2021_sustainability_report.pdf
"Drive to zero waste operations By 2030, we will achieve 90 percent diversion of operational waste at datacenters and campuses and 75 percent diversion for all construction and deconstruction projects.",12,Commitments and progress (continued) > Our commitments,target,firm,90 percent,,2030,,0.5,data/raw/microsoft/2021_sustainability_report.pdf
Take responsibility for our land footprint We will take responsibility for the ecosystem impacts of our direct operations by protecting more land than we use by 2025.,12,Zero Waste > Our commitments,target,firm,,,2025,,0.25,data/raw/microsoft/2021_sustainability_report.pdf
"The scientific reality of climate change is more accepted than ever before—to avert the worst effects of the rapidly changing climate, the world needs to transition to a net zero carbon emissions economy by 2050.",16,A commitment to a carbon negative future > The context,target,,,,2050,,0.25,data/raw/microsoft/2021_sustainability_report.pdf
"The world needs agreement on the meaning of global net zero emissions, measurement to track our progress toward net zero, and mature markets for carbon reduction and removal that are necessary to get us there.",16,A commitment to a carbon negative future > The context,attribute,,,,,,0.0,data/raw/microsoft/2021_sustainability_report.pdf
"Our strategy to reach carbon negative by 2030 is relatively simple—we will reduce our Scope 1 and 2 emissions to near zero by improving efficiency, adopting new solutions, and purchasing zero carbon energy.",16,A commitment to a carbon negative future > The context,target,firm,,2030,2030,Scope 1,0.75,data/raw/microsoft/2021_sustainability_report.pdf
We are engaging suppliers and our business groups to cut our Scope 3 emissions by more than 50 percent and we’ll rely on carbon removal to reach carbon negative.,16,A commitment to a carbon negative future > The context,achievement,achievement,50 percent,,,Scope 3,0.67,data/raw/microsoft/2021_sustainability_report.pdf
"By 2030, 100 percent of our electricity consumption will be matched by zero carbon energy purchases 100 percent of the time.",16,Our commitment: carbon negative by 2030 > Replacing with 100/100/0 carbon free energy,target,firm,100 percent,,2030,,0.5,data/raw/microsoft/2021_sustainability_report.pdf
"By 2030, we will reduce our Scope 3 emissions by more than half from a 2020 baseline.",16,Our commitment: carbon negative by 2030 > Reducing value chain emissions,target,firm,"2030,",2020,2030,Scope 3,1.0,data/raw/microsoft/2021_sustainability_report.pdf
"By 2030, Microsoft will remove more carbon than it emits.",16,Our commitment: carbon negative by 2030 > Removing the rest of our emissions,target,firm,"2030,",,2030,,0.5,data/raw/microsoft/2021_sustainability_report.pdf
"By 2050, we΄ll remove an equivalent amount of carbon to all our historical emissions.",16,Our commitment: carbon negative by 2030 > Removing the rest of our emissions,target,,"2050,",,2050,,0.5,data/raw/microsoft/2021_sustainability_report.pdf
"We have created a $1 billion Climate Innovation Fund to accelerate the global development of carbon reduction and removal technologies, as well as related climate solutions to reduce water and waste.",16,Our commitment: carbon negative by 2030 > Investing in the future,other,,1 billion,,,,0.5,data/raw/microsoft/2021_sustainability_report.pdf
"We reduced our Scope 1 and 2 (marketbased) emissions by 58,654 metric tons of carbon dioxide equivalents (mtCO2) in FY21.",17,Our commitment: carbon negative by 2030 > Investing in the future,achievement,achievement,"58,654 metric tons",,,Scope 1,0.67,data/raw/microsoft/2021_sustainability_report.pdf
Scope 3 emissions increased by 22.7 percent.,17,Our commitment: carbon negative by 2030 > Investing in the future,other,,22.7 percent,,,Scope 3,1.0,data/raw/microsoft/2021_sustainability_report.pdf
"In July 2021, 87 percent of our in-scope suppliers reported their emissions to CDP, up 12 percent from 2020.",17,Supplier reporting tools,other,,87 percent,2020,,,0.5,data/raw/microsoft/2021_sustainability_report.pdf
"Following the CDP cycle, Microsoft built out action plans with suppliers to assess and report emission reductions through 2030.",17,Supplier reporting tools,target,,,2030,2030,,0.5,data/raw/microsoft/2021_sustainability_report.pdf
"Allocated $471 million to date via our Climate Innovation Fund to accelerate our carbon goals, as well as water and waste.",17,2.5M tons carbon removal,other,,471 million,,,,0.5,data/raw/microsoft/2021_sustainability_report.pdf
We also donated $100 million to Breakthrough Energy’s Catalyst initiative.,17,2.5M tons carbon removal,other,,100 million,,,,0.5,data/raw/microsoft/2021_sustainability_report.pdf
A year of progress and impact to get to carbon negative by 2030.,17,Improved device efficiency,target,,,2030,2030,,0.5,data/raw/microsoft/2021_sustainability_report.pdf
Carbon negative by 2030 A company is carbon negative when it removes more carbon than it emits each year.,18,Improved device efficiency,target,,,2030,2030,,0.5,data/raw/microsoft/2021_sustainability_report.pdf
In FY21 we procured the removal of 1.4 million metric tons of carbon as one of our initial steps towards achieving our 2030 commitment.,18,Improved device efficiency > Carbon Table 1 Tracking our yearly progress toward carbon negative by 2030,other,firm,1.4 million,,,,0.5,data/raw/microsoft/2021_sustainability_report.pdf
A portion of the 1.4 million metric tons of removal will apply to future years. b.,18,Improved device efficiency > Carbon Table 1 Tracking our yearly progress toward carbon negative by 2030,other,firm,1.4 million,,,,0.5,data/raw/microsoft/2021_sustainability_report.pdf
"In FY21, we reduced our Scope 1 and 2 (market-based) emissions by 16.9 percent.",18,Our approach (continued),achievement,achievement,16.9 percent,,,Scope 1,0.67,data/raw/microsoft/2021_sustainability_report.pdf
"Scope 3 represents the majority of Microsoft’s emissions, and we are committed to reducing these emissions by more than 50 percent by 2030.",19,Our approach (continued),target,firm,50 percent,,2030,Scope 3,0.75,data/raw/microsoft/2021_sustainability_report.pdf
Tracking and reporting against this category of emissions is critical for net zero progress.,19,Our approach (continued),attribute,,,,,,0.0,data/raw/microsoft/2021_sustainability_report.pdf
It is critical that companies take a rigorous approach to achieving net zero.,20,Getting to carbon negative,attribute,,,,,,0.0,data/raw/microsoft/2021_sustainability_report.pdf
"In January 2020, Microsoft announced its intention to be carbon negative, which will see us cut our greenhouse gas (GHG) emissions across our operations to nearly zero and by over half by 2030 across our value chain with improvements in energy efficiency, replacing with renewable energy for Scope 2, and removing the remainder of emissions.",20,Getting to carbon negative,target,firm,"2020,",,2030,Scope 2; own operations; value chain,0.75,data/raw/microsoft/2021_sustainability_report.pdf
We will also remove the equivalent amount of our historical carbon emissions by 2050.,20,Getting to carbon negative,target,firm,,2050,2050,,0.5,data/raw/microsoft/2021_sustainability_report.pdf
Our total company emissions (market-based) in 2021 were approximately 14 million mtCO2.,20,Getting to carbon negative,other,,14 million,,,,0.5,data/raw/microsoft/2021_sustainability_report.pdf
"The bulk of our emissions—more than 97 percent—are in Scope 3, which includes emissions from our supply chain, the lifecycle of our hardware products and devices, travel, and other indirect sources.",20,Getting to carbon negative,other,,97 percent,,,Scope 3; supply chain,1.0,data/raw/microsoft/2021_sustainability_report.pdf
"We are committed to cutting our GHG emissions by over half by 2030 across our value chain, removing the residual emissions, and removing the equivalent amount of our historical carbon emissions by 2050.",20,Getting to carbon negative,target,firm,,2050,2030,value chain,0.75,data/raw/microsoft/2021_sustainability_report.pdf
It is critical that companies take a rigorous approach to achieving net zero.,20,Getting to carbon negative,attribute,,,,,,0.0,data/raw/microsoft/2021_sustainability_report.pdf
"By 2025, we expect to power our datacenters and facilities with 100 percent additional, new renewable energy generation that matches our electricity consumption on an annual basis.",22,Getting to carbon negative (continued) > Transitioning to 100 percent renewable energy,target,,100 percent,,2025,,0.5,data/raw/microsoft/2021_sustainability_report.pdf
"At our Silicon Valley campus, a solar panel system will offset energy consumption up to 15 percent.",22,Getting to carbon negative (continued) > On-site zero carbon energy solutions,other,firm,15 percent,,,,0.5,data/raw/microsoft/2021_sustainability_report.pdf
"Our Beijing and Shanghai Zizhu campuses have made similar efforts, installing photovoltaic (PV) solar panels on empty roof space in FY20 which are expected to generate 15,450 MWh of electricity over the next 25 years to power the campus.",22,Getting to carbon negative (continued) > On-site zero carbon energy solutions,other,,"15,450 MWh",,,,0.5,data/raw/microsoft/2021_sustainability_report.pdf
"The system has an estimated annual output of approximately 750,000 kWh/year of electricity, equivalent to about 15 percent of all site energy usage, and is being integrated with on-site battery storage to help reduce peak demand and address any intermittent excess solar generation produced by the array.",22,Getting to carbon negative (continued) > On-site zero carbon energy solutions,other,,"750,000 kWh",,,,0.5,data/raw/microsoft/2021_sustainability_report.pdf
"In 2021, we unveiled our plans for a new, hyper-efficient thermal energy center for our Puget Sound campus, which utilizes geothermal wells to heat and cool our buildings—resulting in a 50 percent reduction in energy usage compared to the typical utility plant.",22,Getting to carbon negative (continued) > Harnessing thermal energy to halve energy consumption on campus,other,,50 percent,,,,0.5,data/raw/microsoft/2021_sustainability_report.pdf
We are leaving no stones unturned in our quest to reach net zero.,22,Getting to carbon negative (continued) > Removing fossil fuels from our campuses and datacenters,attribute,,,,,,0.0,data/raw/microsoft/2021_sustainability_report.pdf
"The datacenter’s generators run on Preem Evolution Diesel Plus, the world’s first Nordic Eco-labelled fuel, which contains at least 50 percent renewable raw material, and nearly an equivalent reduction in net carbon dioxide emissions compared with standard fossil diesel blends.",22,Getting to carbon negative (continued) > Eliminating diesel fuel in datacenters,other,,50 percent,,,,0.5,data/raw/microsoft/2021_sustainability_report.pdf
Hydrogen fuel cells: We are also piloting hydrogen fuel cells as viable green energy for backup power at our datacenters.,22,Getting to carbon negative (continued),attribute,,,,,,0.0,data/raw/microsoft/2021_sustainability_report.pdf
"Our commitment is that by 2030, 100 percent of Microsoft’s energy supply, 100 percent of the time, will come from carbon-free resources.",23,Feature story 100/100/0: a new approach to carbon-free energy,target,firm,100 percent,,2030,,0.5,data/raw/microsoft/2021_sustainability_report.pdf
This commitment completes the link between carbon-free resources and our facilities in both space and time.,23,Feature story 100/100/0: a new approach to carbon-free energy,attribute,firm,,,,,0.0,data/raw/microsoft/2021_sustainability_report.pdf
"The vast majority of Microsoft’s direct carbon emissions footprint comes from electricity, and as such, our work on carbon reduction has centered on using less of it, while at the same time ensuring we support the adoption of more carbon-free energy in the grids where we operate.",23,Getting to carbon negative (continued) > A path to carbon negative via energy,attribute,hedged,,,,,0.0,data/raw/microsoft/2021_sustainability_report.pdf
"While our goal has remained consistent—to get to an energy supply that is entirely carbon-free—our approach has evolved as the supply of renewable energy has increased, markets have matured, and data has become more granular.",23,Getting to carbon negative (continued) > A path to carbon negative via energy,attribute,,,,,,0.0,data/raw/microsoft/2021_sustainability_report.pdf
"Our initial commitment, set in 2012, was to cover 100 percent of our energy consumption with renewable energy certificates (RECs).",23,Getting to carbon negative (continued) > A journey towards 100 percent,other,firm,100 percent,,,,0.5,data/raw/microsoft/2021_sustainability_report.pdf
"In 2016, Microsoft announced a commitment to increasing proportion of PPA purchases, on a path towards 100 percent renewable energy.",23,Getting to carbon negative (continued) > A journey towards 100 percent,other,firm,100 percent,,,,0.5,data/raw/microsoft/2021_sustainability_report.pdf
"We pledged to procure enough renewable energy to offset 50 percent of our energy consumption by 2018 and 60 percent in the next decade, and further specified that we’d aim to secure new renewable energy in the geography where our offices and datacenters are, bringing a stronger geographic connection between our contracted renewables and our electricity consumption.",23,Getting to carbon negative (continued) > A journey towards 100 percent,target,hedged,50 percent,2018,2018,,0.75,data/raw/microsoft/2021_sustainability_report.pdf
"In 2020, as part of our carbon negative announcements, we committed to bring our commitment up to 100 percent by 2025.",23,Getting to carbon negative (continued) > A journey towards 100 percent,target,firm,100 percent,,2025,,0.5,data/raw/microsoft/2021_sustainability_report.pdf
"While we are proud of this progress, the global shift to net zero carbon energy is not happening quickly enough.",23,Getting to carbon negative (continued) > A journey towards 100 percent,attribute,,,,,,0.0,data/raw/microsoft/2021_sustainability_report.pdf
The International Energy Agency (IEA) suggests that the path to net zero emissions is very narrow and will require the deployment of all available clean energy technologies between now and 2030.,23,Getting to carbon negative (continued) > A journey towards 100 percent,attribute,firm,,,,,0.0,data/raw/microsoft/2021_sustainability_report.pdf
"Currently, energy storage is not deployed at scale, and the grid infrastructure of today is old and inadequate to meet the balancing needs of new renewable energy resources and the integration of net zero carbon resources, nor to the increasing consumption demands of a rapidly electrifying society.",23,Getting to carbon negative (continued) > A journey towards 100 percent,attribute,,,,,,0.0,data/raw/microsoft/2021_sustainability_report.pdf
"Our commitment is that by 2030, 100 percent of Microsoft’s energy supply, 100 percent of the time, will come from zero carbon resources on grids where we operate.",24,Getting to carbon negative (continued),target,firm,100 percent,,2030,,0.5,data/raw/microsoft/2021_sustainability_report.pdf
"As Microsoft builds the tools and markets to meet our zero carbon commitments, we are mindful of the need for products, purchases, and policy that will enable a carbon-free energy system for all.",24,Getting to carbon negative (continued) > Our impact to date,attribute,firm,,,,,0.0,data/raw/microsoft/2021_sustainability_report.pdf
We are committed to reducing our Scope 3 emissions by more than half by 2030.,25,Getting to carbon negative (continued) > Reducing Scope 3 emissions,target,firm,,,2030,Scope 3,0.5,data/raw/microsoft/2021_sustainability_report.pdf
"While we do not have direct control over most emissions in the Scope 3 category because they are generated by third parties, they represent more than 97 percent of our total emissions.",25,Getting to carbon negative (continued) > Reducing Scope 3 emissions,other,,97 percent,,,Scope 3,1.0,data/raw/microsoft/2021_sustainability_report.pdf
"Our carbon negative commitment includes reducing these emissions and removing what we cannot reduce, which we do through a reduction strategy in campuses and datacenters, rethinking the design of our devices, and engaging with our supply chain.",25,Getting to carbon negative (continued) > Reducing Scope 3 emissions,attribute,firm,,,,supply chain,0.5,data/raw/microsoft/2021_sustainability_report.pdf
We’re committed to reducing not just operational carbon but also embodied carbon—the carbon emitted during the manufacture and transport of building materials—which accounts for at least 11 percent of global emissions and has historically been harder to track and reduce.,25,Getting to carbon negative (continued) > Designing embodied carbon out of our buildings,other,firm,11 percent,,,,0.5,data/raw/microsoft/2021_sustainability_report.pdf
We are committed to reducing our Scope 3 emissions by more than half by 2030.,25,Getting to carbon negative (continued) > Designing embodied carbon out of our buildings,target,firm,,,2030,Scope 3,0.5,data/raw/microsoft/2021_sustainability_report.pdf
"We used the EC3 tool in designing 17 new buildings (3 million square feet) in our Puget Sound campus modernization project, where we are on track to reduce embodied carbon emissions by at least 30 percent.",25,Getting to carbon negative (continued) > Data-driven decision-making and emissions tracking,other,,3 million,,,,0.5,data/raw/microsoft/2021_sustainability_report.pdf
We are now using the EC3 tool around the world in both our campuses and our datacenters to track and reduce embodied carbon and have found opportunities to reduce concrete and steel embodied carbon by 30 to 60 percent in our datacenters.,25,Getting to carbon negative (continued) > Data-driven decision-making and emissions tracking,other,,60 percent,,,,0.5,data/raw/microsoft/2021_sustainability_report.pdf
"We are innovating and investing in low-carbon building materials across our global campuses and datacenters with the aim to achieve net zero embodied carbon, including the following.",26,Getting to carbon negative (continued) > Leading the way on low-carbon building materials,attribute,hedged,,,,,0.0,data/raw/microsoft/2021_sustainability_report.pdf
"In addition to using this lower carbon building material, we elected to keep two of the existing buildings on the site, providing 36 percent of the new campus footprint and accounting for a 28.6 percent reduction in total embodied carbon.",26,Getting to carbon negative (continued) > Leading the way on low-carbon building materials,other,,36 percent,,,,0.5,data/raw/microsoft/2021_sustainability_report.pdf
"5 With over 345,000 square feet, or 2,400 tons, of 100 percent Forest Stewardship Council (FSC) certified mass timber, the wood reflects biophilic principles and a reduced carbon mission.",26,Getting to carbon negative (continued) > Leading the way on low-carbon building materials,achievement,achievement,100 percent,,,,0.33,data/raw/microsoft/2021_sustainability_report.pdf
Cement: Cement accounts for approximately 8 percent of global emissions.,26,Getting to carbon negative (continued) > Leading the way on low-carbon building materials,other,,8 percent,,,,0.5,data/raw/microsoft/2021_sustainability_report.pdf
We are innovating and investing in low-carbon building materials across our global campuses and datacenters with the aim to achieve net zero embodied carbon.,26,Getting to carbon negative (continued) > Leading the way on low-carbon building materials,attribute,hedged,,,,,0.0,data/raw/microsoft/2021_sustainability_report.pdf
"Although emissions related to business travel represented less than 5 percent of our total emissions, we know that we can have a larger impact with our investments and partnerships.",26,Getting to carbon negative (continued) > Rethinking how we travel,other,,5 percent,,,,0.5,data/raw/microsoft/2021_sustainability_report.pdf
"As informed by our LCAs, a significant lever in product development is the engineering of low-carbon design alternatives, such as using recycled materials and designing for a smaller manufacturing footprint.",27,Getting to carbon negative (continued) > Experimenting with lower carbon design,attribute,,,,,,0.0,data/raw/microsoft/2021_sustainability_report.pdf
"We designed our Surface Laptop Studio to allow for “stamping,” a lower-waste manufacturing technique that reduced our aluminum scrap rate for the product’s base by at least 25 percent, a key contributor to an overall product carbon reduction of 30 percent versus its predecessor, the Surface Book 3 13”.",27,Getting to carbon negative (continued) > Reduced waste,achievement,achievement,25 percent,,,,0.33,data/raw/microsoft/2021_sustainability_report.pdf
"We are developing opportunities to reuse manufacturing scrap in aluminum production, allowing us to use lowercarbon, 100 percent post-industrial recycled closed loop aluminum for future Surface computer housings.",27,Getting to carbon negative (continued) > Reduced waste,attribute,,100 percent,,,,0.5,data/raw/microsoft/2021_sustainability_report.pdf
"For neodymium in magnets, a rare earth material, we are also exploring post-industrial scrap as a manufacturing feedstock, enabling us to produce 100 percent recycled neodymium in magnets for future products.",27,Getting to carbon negative (continued) > Reduced waste,attribute,,100 percent,,,,0.5,data/raw/microsoft/2021_sustainability_report.pdf
"In our labs, we are working to engineer a lower-carbon and reduced-waste flax-based wiring board and experimenting with 3D printing; we have started to explore 100 percent post-industrial recycled tin in our soldering paste; and we are aiming to reduce overall materials needed through new spacing guidelines that can shrink our circuit boards in size by up to 25 percent.",27,Getting to carbon negative (continued) > Circuit boards,attribute,hedged,100 percent,,,,0.5,data/raw/microsoft/2021_sustainability_report.pdf
"Reduction in total carbon emissions of 30 percent for Surface Laptop Studio versus its predecessor, Surface Book 3 13”.",27,Getting to carbon negative (continued) > Circuit boards,other,,30 percent,,,,0.5,data/raw/microsoft/2021_sustainability_report.pdf
Total energy consumption for the Surface Pro 8 is 17 percent smaller than Pro 7.,28,"Getting to carbon negative (continued) > Repair, refurbishment, and recycling",other,,17 percent,,,,0.5,data/raw/microsoft/2021_sustainability_report.pdf
Energy-saving mode can reduce Xbox power usage in standby mode by over 80 percent.,28,"Getting to carbon negative (continued) > Repair, refurbishment, and recycling",other,,80 percent,,,,0.5,data/raw/microsoft/2021_sustainability_report.pdf
"In our distribution network, this year we finished a complete conversion of our primary distribution center in Europe to 100 percent renewable energy.",28,Getting to carbon negative (continued) > Reducing the footprint of distribution,other,,100 percent,,,,0.5,data/raw/microsoft/2021_sustainability_report.pdf
This facility now generates 1.3 million kWh from solar energy and avoids 690 mtCO2 annually.,28,Getting to carbon negative (continued) > Reducing the footprint of distribution,other,,1.3 million,,,,0.5,data/raw/microsoft/2021_sustainability_report.pdf
Through FY22 we will plan to convert our US distribution centers to 100 percent renewable energy through solar panel installations and using green renewable sources.,28,Getting to carbon negative (continued) > Reducing the footprint of distribution,other,firm,100 percent,,,,0.5,data/raw/microsoft/2021_sustainability_report.pdf
"That being said, several of our newest products launched in 2021 were designed to be the most energy efficient devices in their product lines, including the Surface Pro 8 and Surface Laptop 4 running Windows 11.",28,Getting to carbon negative (continued) > Boosting efficiency of devices in use,achievement,achievement,8,,,,0.33,data/raw/microsoft/2021_sustainability_report.pdf
"We are focused on offering low-emissions usage options such as Energy-saving mode on Xbox, which can reduce power usage during standby mode from 15 W down to 0.5–2 W, as well as Xbox Cloud Gaming, which will be powered by Azure datacenters running on 100% renewable energy by 2025.",28,Getting to carbon negative (continued) > Boosting efficiency of devices in use,target,firm,100%,,2025,,0.5,data/raw/microsoft/2021_sustainability_report.pdf
"In July 2021, 87 percent of Microsoft’s in-scope suppliers reported their emissions to CDP, up 12 percent from 2020.",29,Getting to carbon negative (continued) > Engaging with suppliers on reduction roadmaps,other,,87 percent,2020,,,0.5,data/raw/microsoft/2021_sustainability_report.pdf
"In 2021, we released a set of in-depth capacity-building tools and resources to help our suppliers report their GHG emissions, develop clean energy strategies, and reduce their energyrelated emissions.",29,Getting to carbon negative (continued) > Engaging with suppliers on reduction roadmaps,attribute,,"2021,",,,,0.5,data/raw/microsoft/2021_sustainability_report.pdf
"In response, we released a set of in-depth capacity-building tools and resources, developed in partnership with ENGIE Impact, WSP, and CDP to help companies, and particularly our suppliers, report their GHG emissions, develop clean energy strategies, and reduce their energy-related emissions.",29,Getting to carbon negative (continued) > Providing new tools and training for supplier reporting,attribute,,,,,,0.0,data/raw/microsoft/2021_sustainability_report.pdf
"Our Circular Center program will enable 90 percent reuse of datacenter computing assets, significantly contributing to our goal of reducing emissions by more than 50 percent by 2030.",29,Getting to carbon negative (continued) > Reimagining circularity in our supply chain,target,firm,90 percent,,2030,,0.5,data/raw/microsoft/2021_sustainability_report.pdf
"As we outline in Chapter 4 of our Responsible Sourcing 2021 Report, we are executing an ambitious plan to empower all strategic device suppliers to commit to science-based carbon reduction activities specifically targeted to reduce emissions associated with hardware manufacturing.",29,Getting to carbon negative (continued) > Using lifecycle assessments for targeted hardware improvements,target,firm,4,,,,0.25,data/raw/microsoft/2021_sustainability_report.pdf
"Our focus on removals instead of avoided emissions offsets is aligned to our carbon negative commitment but is also motivated by what climate science tells us is needed to reach net zero—specifically the IPCC’s projection that the planet could need as much as 10 gigatons of carbon dioxide removal by mid-century, depending on the scale and pace of decarbonization.",30,Getting to carbon negative (continued) > Removing carbon,attribute,firm,10,,,,0.5,data/raw/microsoft/2021_sustainability_report.pdf
"First, there is not a clear common definition of net zero and the role that removals play in net zero goals.",30,Getting to carbon negative (continued) > Removing carbon,attribute,,,,,,0.0,data/raw/microsoft/2021_sustainability_report.pdf
"One partner, elow (formerly CSN Energy), was able to reduce use-phase carbon emissions up to 6 percent through a co-innovated elow Carbon App by providing guidance to users to charge their computers based on the realtime carbon intensity of the electric grid.",32,Driving transformation (continued) > Delivering transparency on Microsoft product emissions,other,,6 percent,,,,0.5,data/raw/microsoft/2021_sustainability_report.pdf
"Another, AVOB, provides more accurate energy consumption data to office workstations as well as automated mechanisms to optimize energy consumption, enabling up to a 50 percent reduction in energy usage while increasing performance and computer lifespan.",32,Driving transformation (continued) > Delivering transparency on Microsoft product emissions,other,,50 percent,,,,0.5,data/raw/microsoft/2021_sustainability_report.pdf
"Algo Engines and Microsoft helped Ørsted, the world leader in offshore wind energy, to optimize the performance of more than 1,300 turbines on its wind farms, enabling it to fully phase out coal by 2023 and increase offshore wind capacity to 15 GW (enough for 30 million people) by 2025. Ørsted uses Microsoft Azure AI to determine where new turbines should be deployed.",33,Driving transformation (continued) > Optimizing offshore wind turbines with AI,target,hedged,30 million,,2023,,0.5,data/raw/microsoft/2021_sustainability_report.pdf
"Microsoft helped Ørsted optimize the performance of more than 1,300 turbines, enabling it to fully phase out coal by 2023 and increase offshore wind capacity to 15 GW by 2025.",33,Driving transformation (continued) > Optimizing offshore wind turbines with AI,target,,"1,300",,2023,,0.5,data/raw/microsoft/2021_sustainability_report.pdf
"By adding Azure Digital Twins to this solution, in 2021 the company has saved upwards of 6 million krona (USD700,000) in energy consumption cost alone.",33,Driving transformation (continued) > Targeting carbon neutrality with Azure Digital Twins,other,,6 million,,,,0.5,data/raw/microsoft/2021_sustainability_report.pdf
"Travel has been cut by up to 40 percent, significantly lowering their carbon footprint.",33,Driving transformation (continued) > Improving service efficiency with remote assistance,achievement,achievement,40 percent,,,,0.33,data/raw/microsoft/2021_sustainability_report.pdf
The Nomad Go solution significantly reduces energy usage and greenhouse emissions by up to 38 percent.,33,Driving transformation (continued) > Enabling building decarbonization with AI,other,,38 percent,,,,0.5,data/raw/microsoft/2021_sustainability_report.pdf
"With Tsinghua University, we developed a neural network-based atmosphere simulator that estimates carbon and other pollutant emissions with better accuracy than widely used numerical atmosphere models, while using only 1 percent of the computational cost.",35,Enabling systems change > Predicting the efficacy of carbon reduction strategies,other,,1 percent,,,,0.5,data/raw/microsoft/2021_sustainability_report.pdf
"Carbon Insights is a visualization and analysis platform that provides carbon neutralization roadmaps for researchers, policy audiences, and other sustainability decision-makers.",35,Enabling systems change (continued) > Supporting new carbon reduction roadmaps,attribute,,,,,,0.0,data/raw/microsoft/2021_sustainability_report.pdf
"We developed a neural networkbased atmosphere simulator that estimates carbon and other pollutant emissions with better accuracy than widely used numerical atmosphere models, while using only 1 percent of the computational cost.",35,Enabling systems change (continued) > Supporting new carbon reduction roadmaps,other,,1 percent,,,,0.5,data/raw/microsoft/2021_sustainability_report.pdf
"To achieve net zero emissions globally, we must reduce carbon emissions across every sector and scale carbon markets as much as possible, as soon as possible.",36,Enabling systems change (continued) > Funding innovation,attribute,firm,,,,global,0.5,data/raw/microsoft/2021_sustainability_report.pdf
"We also make strategic philanthropic investments, like our $100 million donation to Breakthrough Energy’s Catalyst initiative, to help accelerate and scale new carbon solutions.",36,Enabling systems change (continued) > Funding innovation,other,,100 million,,,,0.5,data/raw/microsoft/2021_sustainability_report.pdf
"Additionally, we have made investment commitments in carbon reduction solutions for global communities in emerging economies, including India and Africa, as well as clean energy access solutions for communities in the United States.",36,Enabling systems change (continued) > Funding innovation,attribute,,,,,,0.0,data/raw/microsoft/2021_sustainability_report.pdf
"With NCX’s science-driven forest carbon marketplace, nearly 2,500 participating landowners with 4.3 million forested acres committed to defer their timber harvest in 2021.",36,Enabling systems change (continued) > Transformation to low-carbon materials,other,firm,4.3 million,,,,0.5,data/raw/microsoft/2021_sustainability_report.pdf
"LanzaJet is constructing a renewable fuels plant in Georgia called Freedom Pines Fuels that will produce 10 million gallons of SAF and renewable diesel per year from sustainable ethanol, including from waste-based feedstocks.",36,Enabling systems change (continued) > Sustainable fuels,other,firm,10 million,,,,0.5,data/raw/microsoft/2021_sustainability_report.pdf
"Omnidian provides solar system performance management for residential, commercial, and industrial clean energy generation.",36,Enabling systems change (continued) > Solar performance assurance,attribute,,,,,,0.0,data/raw/microsoft/2021_sustainability_report.pdf
"To date, Eversource Capital’s portfolio companies have generated 330 MWh of renewable power, resulting in 290,000 mtCO2 avoided.",36,Enabling systems change (continued) > Green growth in India,achievement,achievement,330 MWh,,,,0.33,data/raw/microsoft/2021_sustainability_report.pdf
"Via the Southeast Asia Clean Energy Facility (SEACEF), we invested in Xurya, a clean energy company committed to accelerating the rooftop solar market in Indonesia.",37,Enabling systems change (continued) > Supporting clean energy in Asia,attribute,firm,,,,,0.0,data/raw/microsoft/2021_sustainability_report.pdf
"Carbon savings from the deployment of smart thermostats across SmartRent’s portfolio in 2020 were 55,000 MWh of energy, 5.5 million gallons of gasoline equivalent, and a net carbon savings of 68,000 mtCO2.",37,Enabling systems change (continued) > Supporting clean energy in Asia,other,,"55,000 MWh",,,,0.5,data/raw/microsoft/2021_sustainability_report.pdf
Energy Impact Partners (EIP) Fund II participated in SmartRent’s $60 million Series C funding round.,37,Enabling systems change (continued) > Saving energy with smart home automation,other,,60 million,,,,0.5,data/raw/microsoft/2021_sustainability_report.pdf
"Environmental savings from the deployment of smart thermostats across its portfolio in 2020 were estimated to be 55,000 MWh of energy, 5.5 million gallons of gasoline equivalent, and carbon savings of 68,000 mtCO2.",37,Enabling systems change (continued) > Saving energy with smart home automation,other,,"55,000 MWh",,,,0.5,data/raw/microsoft/2021_sustainability_report.pdf
"Getting to net zero is going to take more than investments, technology, and commitments.",39,Enabling systems change (continued) > Driving collective action,attribute,,,,,,0.0,data/raw/microsoft/2021_sustainability_report.pdf
Transform to Net Zero (TONZ) is a cross-sector initiative to accelerate the transition to a net zero global economy.,39,Enabling systems change (continued) > Transform to Net Zero,attribute,,,,,,0.0,data/raw/microsoft/2021_sustainability_report.pdf
The group’s 2025 goal is for all Fortune Global 1000 companies to have targets backed up by transformation plans to achieve net zero no later than 2050.,39,Enabling systems change (continued) > Transform to Net Zero,target,,1000,,2050,,0.5,data/raw/microsoft/2021_sustainability_report.pdf
"Since its initial launch in late 2020, TONZ has released a position paper and action plan to define the group’s position on net zero goals and their implementation, formed decarbonization approaches across key supply chain areas, and published two research reports on the building blocks of net zero and key sectoral challenges.",39,Enabling systems change (continued) > Transform to Net Zero,attribute,hedged,"2020,",,,supply chain,1.0,data/raw/microsoft/2021_sustainability_report.pdf
"In Q3 2021, TONZ published the first of a set of transformation guides to share lessons learned from TONZ companies on net zero implementation across procurement, net zero goalsetting, and policy engagement.",39,Enabling systems change (continued) > Transform to Net Zero,attribute,,"2021,",,,,0.5,data/raw/microsoft/2021_sustainability_report.pdf
"Led by RMI and the Environmental Defense Fund (EDF), SABA will work to accelerate the path to net zero aviation by driving investment in SAF, catalyzing SAF production and technological innovation, and supporting member engagement in policy-making efforts.",39,Enabling systems change (continued) > Sustainable Aviation Fuel Buyers Alliance (SABA),attribute,firm,,,,,0.0,data/raw/microsoft/2021_sustainability_report.pdf
TONZ’s 2025 goal is for all Fortune Global 1000 companies to have targets backed up by transformation plans to achieve net zero no later than 2050.,39,Enabling systems change (continued) > Playing for the Planet,target,,1000,,2050,,0.5,data/raw/microsoft/2021_sustainability_report.pdf
Microsoft is encouraging countries to make net zero carbon-aligned national commitments and develop effective implementation plans.,40,Enabling systems change (continued) > Net zero policies,attribute,,,,,,0.0,data/raw/microsoft/2021_sustainability_report.pdf
Microsoft advocated for the United States’ reentry to the Paris Climate Agreement which occurred in January 2021 and for a national US climate target to cut emissions by 50 percent by 2030.,40,Enabling systems change (continued) > Net zero policies,target,achievement,50 percent,,2030,,0.5,data/raw/microsoft/2021_sustainability_report.pdf
"We also voiced Microsoft support of the European Commission’s ”Fit for 55” package, a set of legislative initiatives that will set the framework for the whole EU to achieve the binding target of reducing GHG emissions by at least 55 percent by 2030 (based on 1990 levels).",40,Enabling systems change (continued) > Net zero policies,target,firm,55 percent,1990,2030,,0.75,data/raw/microsoft/2021_sustainability_report.pdf
"In Europe, Microsoft engages actively with the European institutions advocating for robust clean energy rules and sustainability metrics for datacenters and submitted comments in February to the European Commission Public Consultations on the revisions of the Renewable Energy Directive and Energy Efficiency Directive.",40,Enabling systems change (continued) > Grid decarbonization,attribute,,,,,,0.0,data/raw/microsoft/2021_sustainability_report.pdf
Microsoft engaged with the UK government and energy regulator to inform the “Digitalising the UK energy system for net zero” strategy published in July and its implementation.,40,Enabling systems change (continued) > Grid decarbonization,attribute,,,,,,0.0,data/raw/microsoft/2021_sustainability_report.pdf
FY21 was a year of progress and learning for Microsoft on our journey to carbon negative.,41,Key trends,attribute,,,,,,0.0,data/raw/microsoft/2021_sustainability_report.pdf
"For example, diesel fuel accounts for less than 1 percent of Microsoft’s overall emissions.",41,Key trends,other,,1 percent,,,,0.5,data/raw/microsoft/2021_sustainability_report.pdf
"We expect to focus on further innovations in renewable energy, carbon reduction, and carbon-free materials.",42,What’s next? 1 Develop the markets > 3 Innovate in renewable energy and carbon reduction,attribute,,,,,,0.0,data/raw/microsoft/2021_sustainability_report.pdf
We will continue refining emission reduction plans with suppliers and ensuring that they have the resources they need to make these reductions with a goal of having the aggregate reductions meet Microsoft’s Scope 3 commitment.,42,What’s next? 1 Develop the markets > 7 Decarbonize our supply chain,target,firm,,,,Scope 3,0.25,data/raw/microsoft/2021_sustainability_report.pdf
"Developed in partnership with ENGIE Impact, WSP, and CDP to help companies, and our suppliers, report their GHG emissions, develop clean energy strategies, and reduce their energy-related emissions.",43,What’s next? 1 Develop the markets > Capacity-building tools and resources,attribute,,,,,,0.0,data/raw/microsoft/2021_sustainability_report.pdf
We are committed to becoming a carbon negative company by 2030 and helping others on their journeys.,43,What’s next? 1 Develop the markets > Principles of Sustainable Software Engineering,target,firm,,,2030,,0.25,data/raw/microsoft/2021_sustainability_report.pdf
"At present, about 25 percent of the global population lives in countries that suffer from water stress, and one in ten people lack access to safe drinking water.",45,A commitment to a water positive future > The context,other,,25 percent,,,,0.5,data/raw/microsoft/2021_sustainability_report.pdf
We are committed to becoming a water positive company by 2030.,45,A commitment to a water positive future > The context,target,firm,,,2030,,0.25,data/raw/microsoft/2021_sustainability_report.pdf
We will reduce water waste in our datacenter operations by 95 percent by 2024.,45,A commitment to a water positive future > Reducing water use in datacenter operations,target,firm,95 percent,,2024,,0.5,data/raw/microsoft/2021_sustainability_report.pdf
We will provide more than 1.5 million people with access to clean water and sanitation services by 2030.,45,A commitment to a water positive future > Increasing access to water,target,firm,1.5 million,2030,2030,,0.75,data/raw/microsoft/2021_sustainability_report.pdf
"In FY21, Microsoft invested in replenishment projects that are expected to generate over 1.3 million cubic meters of volumetric benefits, bringing us to 21 replenishment projects to date in nine water basins across the globe.",46,1.3M cubic meters,other,,1.3 million,,,,0.5,data/raw/microsoft/2021_sustainability_report.pdf
Water Prize for Outstanding Private Sector Organization for adopting our water positive program and committing to being water positive by 2030.,46,U.S. Water Prize,target,,,,2030,,0.25,data/raw/microsoft/2021_sustainability_report.pdf
A year of progress and impact to get to water positive by 2030.,46,Democratizing access to water data,target,,,,2030,,0.25,data/raw/microsoft/2021_sustainability_report.pdf
"In FY21, our contracted water replenishment amounted to 45 percent of our global water consumption across our operations.",47,Democratizing access to water data > Water positive by 2030,other,,45 percent,,,own operations,1.0,data/raw/microsoft/2021_sustainability_report.pdf
"To meet our commitment to being water positive by 2030, we will reduce our water footprint across our direct operations, while replenishing and increasing water access in waterstressed regions where we work.",48,Getting to water positive,target,firm,"2030,",,2030,,0.5,data/raw/microsoft/2021_sustainability_report.pdf
"Microsoft is using the Smart Water Navigator, which we developed with Ecolab, in our datacenters to prioritize and manage incoming water quality sources like recycled water.",48,"Getting to water positive > Using less, reusing more, and recycling water across our datacenters",attribute,,,,,,0.0,data/raw/microsoft/2021_sustainability_report.pdf
"If the pilot is successful, we expect to be fully implemented by 2025, which has the potential to eliminate water use for cooling in regions like Amsterdam and Dublin, while reducing water use in dry regions like Arizona and Wyoming.",49,Getting to water positive (continued) > Raising the temperature while maintaining quality,target,,"2025,",,2025,,0.5,data/raw/microsoft/2021_sustainability_report.pdf
"In Hyderabad, India, we’re piloting air-to-water generators to help offset 4 million liters of ground water extraction per year.",49,Fit-for-purpose water design in our Hyderabad campus. 4M liters,other,,4 million,,,,0.5,data/raw/microsoft/2021_sustainability_report.pdf
"It is now operating as the first technology campus with a net zero water certification as not a drop of water for more than 2,000 employees, 15 acres of landscape, and 643,000 square feet of built space will come from municipal sources, beyond drinking fountains and sinks.",49,Fit-for-purpose water design in our Hyderabad campus. 4M liters > Building net zero campus in California,attribute,firm,15 acres,,,,0.5,data/raw/microsoft/2021_sustainability_report.pdf
"Our Herzliya, Israel site’s landscaping also uses 100 percent of the air conditioning condensate water for its irrigation and cooling towers, resulting in an estimated savings of over 3 million liters annually.",49,Fit-for-purpose water design in our Hyderabad campus. 4M liters > Recycling water in our campuses,other,,100 percent,,,,0.5,data/raw/microsoft/2021_sustainability_report.pdf
"Our LinkedIn headquarters in California is planning to utilize municipal recycled water for landscaping and internal plumbing, thus saving 30 million liters of potable water each year.",49,Fit-for-purpose water design in our Hyderabad campus. 4M liters > Recycling water in our campuses,attribute,,30 million,,,,0.5,data/raw/microsoft/2021_sustainability_report.pdf
"Our Herzliya, Israel site utilizes Watergen’s technology to produce fresh drinking water from the humidity in the air, producing an estimated 237,000 liters annually, based on company calculations.",49,Fit-for-purpose water design in our Hyderabad campus. 4M liters > Testing new generation techniques,other,,"237,000 liters",,,,0.5,data/raw/microsoft/2021_sustainability_report.pdf
"These generator plants will help offset 4 million liters of ground water extraction per year, based on company calculations, in this water-stressed region, where water scarcity is an ongoing crisis that is expected to worsen.",49,Fit-for-purpose water design in our Hyderabad campus. 4M liters > Testing new generation techniques,other,firm,4 million,,,,0.5,data/raw/microsoft/2021_sustainability_report.pdf
"To reduce water, we removed the dyeing process on our CLARINO fabric by switching to a solution dye technique which reduces water consumption by 20 percent.",49,Fit-for-purpose water design in our Hyderabad campus. 4M liters > Reducing water in device textiles,other,,20 percent,,,,0.5,data/raw/microsoft/2021_sustainability_report.pdf
"This is a completely solventfree, environmentally friendly manufacturing choice that is used in three of our products currently in production across the HoloLens and Surface type cover lines.",49,Fit-for-purpose water design in our Hyderabad campus. 4M liters > Reducing water in device textiles,attribute,,,,,,0.0,data/raw/microsoft/2021_sustainability_report.pdf
"As part of our commitment to be water positive by 2030, we will replenish more water than we consume, focusing on high water-stressed regions.",50,Getting to water positive (continued) > Replenishing water,target,firm,"2030,",,2030,,0.5,data/raw/microsoft/2021_sustainability_report.pdf
"With 1.1 billion people in the world without access to clean water, it’s not enough to simply reduce and replenish—we need to improve people’s access to safe, clean water.",52,Getting to water positive (continued) > Improving access to water,other,,1.1 billion,,,,0.5,data/raw/microsoft/2021_sustainability_report.pdf
"Our goal is to provide access to safe drinking water and improved sanitation solutions for 1.5 million people while accounting for 25 billion liters of net positive water impact in high-stress watersheds where we also operate, namely India, Indonesia, and Mexico, by 2030.",52,Getting to water positive (continued) > Improving access to water,target,,1.5 million,,2030,,0.5,data/raw/microsoft/2021_sustainability_report.pdf
Programs run through Water.org account for over 670 million liters of water benefit per year.,52,Getting to water positive (continued) > Progressing towards our goal with Water.org,other,,670 million,,,,0.5,data/raw/microsoft/2021_sustainability_report.pdf
"Powered by over 4,500 employees and a strong, scalable, and secure cloud infrastructure on Azure, Enova has achieved total savings of 320 million kWh of energy, 5 million cubic meters of water, and 210,000 tons of CO2 emissions.",54,Driving transformation (continued) > Reducing water usage in facilities with the cloud,achievement,achievement,320 million,,,,0.33,data/raw/microsoft/2021_sustainability_report.pdf
"Covering 28 medium to large sites, this resulted in an additional 2 percent of energy savings and 17–25 percent improvement in staff efficiency.",54,Driving transformation (continued) > Reducing water usage in facilities with the cloud,other,,2 percent,,,,0.5,data/raw/microsoft/2021_sustainability_report.pdf
Smart metering with Anglian Water is saving almost 3 million liters of water every day.,54,Driving transformation (continued) > Forecasting real-time water availability in reservoirs,other,,3 million,,,,0.5,data/raw/microsoft/2021_sustainability_report.pdf
Anglian Water supplies more than 6 million customers with water and water recycling services in the UK.,54,Water smart metering with the cloud and AI,other,,6 million,,,,0.5,data/raw/microsoft/2021_sustainability_report.pdf
"Since the smart metering program went live, customers have been able to find and fix around 40,000 leaks in their homes, saving almost 3 million liters of water every day.",54,Water smart metering with the cloud and AI,other,,3 million,,,,0.5,data/raw/microsoft/2021_sustainability_report.pdf
"Microsoft advocated for clean energy and environmental provisions in the US Infrastructure Investment and Jobs Act, which commits over $8 billion for western water infrastructure and significant funding for water-related and other resilience efforts.",57,Enabling systems change (continued) > Promoting US water infrastructure and resilience,attribute,,8 billion,,,,0.5,data/raw/microsoft/2021_sustainability_report.pdf
The US Infrastructure Investment and Jobs Act commits over $8 billion for western water infrastructure and significant funding for water-related and other resilience efforts.,57,Enabling systems change (continued) > Supporting WaterEurope,other,,8 billion,,,,0.5,data/raw/microsoft/2021_sustainability_report.pdf
"We will continue to work with Water.org to make progress against our accessibility commitment, providing 1.5 million people with access to clean water by 2030.",59,What’s next? 1 Replenish more water than we consume by 2030 > 2 Enable access to drinking water and sanitation,target,firm,1.5 million,,2030,,0.5,data/raw/microsoft/2021_sustainability_report.pdf
We are committed to becoming a water positive company by 2030 and helping other companies on their journeys.,60,What’s next? 1 Replenish more water than we consume by 2030 > Water consumption monitoring tutorial,target,firm,,,2030,,0.25,data/raw/microsoft/2021_sustainability_report.pdf
